1	93baf480-a9f1-4136-8bc0-f535a3d339e8
2	2372b854-9195-4512-85e2-bf19cc58d85e
3	3d2db738-8d68-48a9-9fa6-122c679dc031
4	9be96907-cf4a-4b21-bbd9-2b6aedb65694
5	43a83e74-069b-4d26-b331-b421271aa118
6	681bd0e6-12ca-4324-9100-43eeb32f2d03
7	9294b9f4-a6b4-4001-95cd-c71f9e7e3605
8	c1de6b34-aabe-4a3a-a6ca-518ef64a2fa6
9	d6362fe1-27f6-4ae1-bb86-e92a8e2bba5e
10	b6adbeab-5b46-4d9f-9d70-e8802b716ae7
11	94062504-fc93-4df7-a3df-2587143a3d29
12	7a8c4970-dce6-41b2-87e1-c946f2f939cc
13	c181d5d0-eb46-4d5a-8836-b9d1499a098d
14	fb72e346-f61d-4c56-8662-3104d9777f59
15	5cf23908-90b4-49ef-b16c-d40de261e4cc
16	5c603c9d-f538-45de-8224-1a34d04d1323
17	9c91a61f-0875-4a56-a946-fafd22a19eb9
18	8e23a9ca-026e-4ed3-98db-df562c8d9479
19	5b94272d-f11d-44b1-b6ef-076b361b44ee
20	755d0875-8926-458e-b7c5-4d6196a548af
21	b9a5023b-93c9-4c45-b20a-ab772e4cbb98
22	8e58b12e-a309-4ad5-bd75-d31ed6773f7c
23	9ac195e8-e95e-4bf5-9f6d-7bea19a4ad69
24	f3eb2e72-d8f9-4142-a475-05687ef14705
25	c1a318c3-a487-4360-bff8-d9da8f35b59a
26	884c3b01-a819-4621-aec1-6b64bc59987d
28	008da8f9-a064-46f3-adfe-4f2f71b12e57
27	269b2594-c55d-4bf7-b860-d6054ecddf5a
29	5fa6ed05-8c2b-4f52-bc92-43597afd35af
30	3b4e3e90-9a70-458c-8599-1a59350ecdcb
31	d7a50cc3-5760-48e8-955b-91e4dd5205b6
32	babb7e0e-5241-4b44-aac4-59526c2132dc
33	1c6ef3b5-28d4-403d-8ef0-5a4b23e62f55
34	a09eddd3-a516-4920-9ab1-97d49bbdae1f
35	eeb082a7-96ec-4aea-8032-126d6ecde28f
36	6a9c2e05-66c1-4940-9bc4-af7537fe336d
37	8a256344-1fbc-4c6f-a5d6-052cd47c6324
38	1c130832-1a80-4a03-8919-63d3bf815ad2
39	dd571d2a-af64-41cc-b324-111b47f791ff
40	ce807463-289a-4a42-93dd-56044ae2ea0c
41	41af99fd-6fbf-4042-9063-7899929fb51e
42	b4e7b05c-0e31-4e80-9009-c3d152169a9b
43	4dbbe077-877f-40c2-871d-3f718fc6fb51
44	469758bc-4419-46d8-9115-26c395b0401f
45	fd4d6692-ffac-4850-a342-bfda9bcff1e9
46	46a6604c-c7ab-47af-888f-17fbd1643aea
47	20071d0e-72f3-4247-81a6-b3a374e7989e
48	192e7a09-ca2d-4d5c-8724-1ca8eee2f936
49	3533054f-a620-4ef3-bc76-011a2523c6eb
50	368c7b17-487a-4d93-aebf-4f642132ddca
51	4f2c847c-0c8c-40e2-abbb-7f8a73975eaa
52	336424e7-a1d4-4676-8c98-fe768a5153ab
53	71a3accb-d66f-4b2f-8e1f-89b5c2aade88
54	4ab975e9-3af7-4760-9159-3c05f157b96d
55	e62d55bc-974f-4e54-a5bd-59c85f5e904e
56	99ea103b-a200-499e-951c-284f5fa2ff73
57	317900bc-9a4f-443f-94a0-e46cbba30304
58	24ca2e78-f683-4564-98d4-31dd46bac494
59	00a06de3-8664-4eb6-85e6-a412e5ac1f39
60	c4fbc884-007a-4fba-8cdd-a4f92b37635c
61	66c74a5d-b527-4a13-a252-73eee2b3770e
62	9d86fafd-e2fe-4833-94d3-391058e9ccc5
63	35cd8073-8314-4c48-a30a-7af4670b790a
64	beef5fa8-e5fe-4c62-8316-25a28d9b9bc1
