1	https://d8j0ntlcm91z4.cloudfront.net/user_3FtauoFfi4aiT2rOZozLFkzeELN/hf_20261002_080239_5d7f64b3-ccb2-4068-bf24-02095a40602e.png
2	https://d8j0ntlcm91z4.cloudfront.net/user_3FtauoFfi4aiT2rOZozLFkzeELN/hf_20261002_080238_7ba7033e-2000-4edb-b231-5414dd35a15a.png
3	https://d8j0ntlcm91z4.cloudfront.net/user_3FtauoFfi4aiT2rOZozLFkzeELN/hf_20261002_080238_8f59f2c4-4700-4d17-8192-3fe917571639.png
4	https://d8j0ntlcm91z4.cloudfront.net/user_3FtauoFfi4aiT2rOZozLFkzeELN/hf_20261002_080358_6d6428a0-8b7f-4771-a950-3813562beb6d.png
5	https://d8j0ntlcm91z4.cloudfront.net/user_3FtauoFfi4aiT2rOZozLFkzeELN/hf_20261002_080358_396ae244-f71f-4736-b12c-d2cd96818b2e.png
6	https://d8j0ntlcm91z4.cloudfront.net/user_3FtauoFfi4aiT2rOZozLFkzeELN/hf_20261002_080358_b4273455-75e6-4d9d-b1a3-95256351877d.png
7	https://d8j0ntlcm91z4.cloudfront.net/user_3FtauoFfi4aiT2rOZozLFkzeELN/hf_20261002_080358_24f5c619-5376-47fc-9a42-419e6fc474a3.png
8	https://d8j0ntlcm91z4.cloudfront.net/user_3FtauoFfi4aiT2rOZozLFkzeELN/hf_20261002_080358_d798f243-2f66-4d99-8c5a-515b01db6d2f.png
9	https://d8j0ntlcm91z4.cloudfront.net/user_3FtauoFfi4aiT2rOZozLFkzeELN/hf_20261002_080358_b19e4b58-9610-46d2-b60a-5faec59b7e86.png
10	https://d8j0ntlcm91z4.cloudfront.net/user_3FtauoFfi4aiT2rOZozLFkzeELN/hf_20261002_080358_b3a58dc2-3ceb-4d10-9adf-38374e40400a.png
11	https://d8j0ntlcm91z4.cloudfront.net/user_3FtauoFfi4aiT2rOZozLFkzeELN/hf_20261002_080358_531db5a9-ca30-433f-9277-0fb3b73d20ee.png
12	https://d8j0ntlcm91z4.cloudfront.net/user_3FtauoFfi4aiT2rOZozLFkzeELN/hf_20261002_080358_2d5586f5-8c0a-4455-85a5-4dfc50d1ef5f.png
13	https://d8j0ntlcm91z4.cloudfront.net/user_3FtauoFfi4aiT2rOZozLFkzeELN/hf_20261002_080454_e953f62c-398d-4e26-9df5-ccc36cf38eee.png
14	https://d8j0ntlcm91z4.cloudfront.net/user_3FtauoFfi4aiT2rOZozLFkzeELN/hf_20261002_080358_66cd38cd-dc55-45a9-ba14-cf8e05ed9f4d.png
15	https://d8j0ntlcm91z4.cloudfront.net/user_3FtauoFfi4aiT2rOZozLFkzeELN/hf_20261002_080358_7b4fa691-d292-447f-ad94-2ccb7e10a096.png
16	https://d8j0ntlcm91z4.cloudfront.net/user_3FtauoFfi4aiT2rOZozLFkzeELN/hf_20261002_080453_986cd0cd-9e63-4120-9ab5-78ea13f63c86.png
17	https://d8j0ntlcm91z4.cloudfront.net/user_3FtauoFfi4aiT2rOZozLFkzeELN/hf_20261002_114414_e8bce743-aecf-44b3-8abc-0ee2fd9912e0.png
18	https://d8j0ntlcm91z4.cloudfront.net/user_3FtauoFfi4aiT2rOZozLFkzeELN/hf_20261002_114415_887fe7dd-03cf-4a68-bc2c-4fc997ffd698.png
19	https://d8j0ntlcm91z4.cloudfront.net/user_3FtauoFfi4aiT2rOZozLFkzeELN/hf_20261002_114323_77dc381c-0040-4d26-b939-bf179a488f43.png
20	https://d8j0ntlcm91z4.cloudfront.net/user_3FtauoFfi4aiT2rOZozLFkzeELN/hf_20261002_114323_d30a4f6f-e77c-40c1-86ba-b3b1e71980f3.png
21	https://d8j0ntlcm91z4.cloudfront.net/user_3FtauoFfi4aiT2rOZozLFkzeELN/hf_20261002_114414_5fae6b3f-004a-4be2-8b8b-fbbc0a891a9a.png
22	https://d8j0ntlcm91z4.cloudfront.net/user_3FtauoFfi4aiT2rOZozLFkzeELN/hf_20261002_114323_f1338f63-b69a-4d74-9466-3d40551b7628.png
23	https://d8j0ntlcm91z4.cloudfront.net/user_3FtauoFfi4aiT2rOZozLFkzeELN/hf_20261002_114323_cf521655-f29f-4864-81f2-daf595cf099e.png
24	https://d8j0ntlcm91z4.cloudfront.net/user_3FtauoFfi4aiT2rOZozLFkzeELN/hf_20261002_114323_4590af06-ae57-4499-8af9-1c38b6880008.png
25	https://d8j0ntlcm91z4.cloudfront.net/user_3FtauoFfi4aiT2rOZozLFkzeELN/hf_20261002_114323_98c1efaf-4dc5-46e4-91f3-ba0e0c224051.png
26	https://d8j0ntlcm91z4.cloudfront.net/user_3FtauoFfi4aiT2rOZozLFkzeELN/hf_20261002_114323_47acaab5-03af-4531-9820-8ee23e21e87b.png
27	https://d8j0ntlcm91z4.cloudfront.net/user_3FtauoFfi4aiT2rOZozLFkzeELN/hf_20261002_114323_4d9e0997-980f-47c0-8e59-a217d346be06.png
28	https://d8j0ntlcm91z4.cloudfront.net/user_3FtauoFfi4aiT2rOZozLFkzeELN/hf_20261002_114323_af1a719b-4711-4a5f-a1e2-7065f60a442a.png
29	https://d8j0ntlcm91z4.cloudfront.net/user_3FtauoFfi4aiT2rOZozLFkzeELN/hf_20261002_114414_b065ea71-039b-4705-b7df-c4e31f9a0867.png
30	https://d8j0ntlcm91z4.cloudfront.net/user_3FtauoFfi4aiT2rOZozLFkzeELN/hf_20261002_114508_daeca65f-ec2f-4861-8256-517245a36b18.png
31	https://d8j0ntlcm91z4.cloudfront.net/user_3FtauoFfi4aiT2rOZozLFkzeELN/hf_20261002_114508_c23f1f44-5bca-4c40-9c24-8e0b047cbc40.png
32	https://d8j0ntlcm91z4.cloudfront.net/user_3FtauoFfi4aiT2rOZozLFkzeELN/hf_20261002_114508_72be975e-790a-4b33-bb73-8bbc44c95f04.png
33	https://d8j0ntlcm91z4.cloudfront.net/user_3FtauoFfi4aiT2rOZozLFkzeELN/hf_20261002_114508_97284d50-75fb-4bd3-a520-8c07d1c04f4a.png
34	https://d8j0ntlcm91z4.cloudfront.net/user_3FtauoFfi4aiT2rOZozLFkzeELN/hf_20261002_114604_e774f29d-1e98-4aad-ad41-f313e26767fe.png
35	https://d8j0ntlcm91z4.cloudfront.net/user_3FtauoFfi4aiT2rOZozLFkzeELN/hf_20261002_114604_2fc3f81a-4f52-4103-8ef4-844805ad662c.png
36	https://d8j0ntlcm91z4.cloudfront.net/user_3FtauoFfi4aiT2rOZozLFkzeELN/hf_20261002_114604_0e8038c9-2950-433c-93bb-f2b56193a68f.png
37	https://d8j0ntlcm91z4.cloudfront.net/user_3FtauoFfi4aiT2rOZozLFkzeELN/hf_20261002_114604_1a9f728b-ac3a-49ab-83f5-d6de5fb48f51.png
38	https://d8j0ntlcm91z4.cloudfront.net/user_3FtauoFfi4aiT2rOZozLFkzeELN/hf_20261002_114653_0cf27039-4cf5-4e52-913d-cc195c4ff801.png
39	https://d8j0ntlcm91z4.cloudfront.net/user_3FtauoFfi4aiT2rOZozLFkzeELN/hf_20261002_114653_a2f447b2-8b1a-4c02-a947-e17a13cb1adb.png
40	https://d8j0ntlcm91z4.cloudfront.net/user_3FtauoFfi4aiT2rOZozLFkzeELN/hf_20261002_114653_7d8c6170-4836-4130-b5d2-c141bc90cc89.png
41	https://d8j0ntlcm91z4.cloudfront.net/user_3FtauoFfi4aiT2rOZozLFkzeELN/hf_20261002_114653_0375d45e-7522-451e-8b49-7cf227873555.png
42	https://d8j0ntlcm91z4.cloudfront.net/user_3FtauoFfi4aiT2rOZozLFkzeELN/hf_20261002_114743_91e2a295-3aa0-4166-b4c4-d7f2d8ea1c69.png
43	https://d8j0ntlcm91z4.cloudfront.net/user_3FtauoFfi4aiT2rOZozLFkzeELN/hf_20261002_114741_6f723ab2-9d39-4822-811b-da7e35f32c1c.png
44	https://d8j0ntlcm91z4.cloudfront.net/user_3FtauoFfi4aiT2rOZozLFkzeELN/hf_20261002_114741_332e5f49-c051-43b5-b603-d9b1d1510937.png
45	https://d8j0ntlcm91z4.cloudfront.net/user_3FtauoFfi4aiT2rOZozLFkzeELN/hf_20261002_114741_17005dc3-7c02-49d9-8edf-593eda26e768.png
46	https://d8j0ntlcm91z4.cloudfront.net/user_3FtauoFfi4aiT2rOZozLFkzeELN/hf_20261002_114834_d2bcff34-5e1d-4bd1-8cc2-7af7d6958d79.png
47	https://d8j0ntlcm91z4.cloudfront.net/user_3FtauoFfi4aiT2rOZozLFkzeELN/hf_20261002_114834_53f934da-5b1d-4c6b-b162-32adf8716129.png
48	https://d8j0ntlcm91z4.cloudfront.net/user_3FtauoFfi4aiT2rOZozLFkzeELN/hf_20261002_114833_785f172a-6e3e-4ccd-a946-645664dfe036.png
49	https://d8j0ntlcm91z4.cloudfront.net/user_3FtauoFfi4aiT2rOZozLFkzeELN/hf_20261002_114910_01d86ea1-f5b0-4f62-a4e3-520b4c0715c3.png
50	https://d8j0ntlcm91z4.cloudfront.net/user_3FtauoFfi4aiT2rOZozLFkzeELN/hf_20261002_114931_8ceefd8f-8213-4127-9df6-f9a848abfbdf.png
51	https://d8j0ntlcm91z4.cloudfront.net/user_3FtauoFfi4aiT2rOZozLFkzeELN/hf_20261002_114931_9b261957-ee31-45ff-9a59-1ef8f75c2bb0.png
52	https://d8j0ntlcm91z4.cloudfront.net/user_3FtauoFfi4aiT2rOZozLFkzeELN/hf_20261002_114931_4470a00e-e5e1-4c13-a00c-46dbd2b20b3d.png
53	https://d8j0ntlcm91z4.cloudfront.net/user_3FtauoFfi4aiT2rOZozLFkzeELN/hf_20261002_114949_fd035026-c86d-4c86-bcfb-63ef762fc8f3.png
54	https://d8j0ntlcm91z4.cloudfront.net/user_3FtauoFfi4aiT2rOZozLFkzeELN/hf_20261002_115039_d3bd9d3b-0414-4423-b0a5-1addb4e59591.png
55	https://d8j0ntlcm91z4.cloudfront.net/user_3FtauoFfi4aiT2rOZozLFkzeELN/hf_20261002_115039_32293f47-8bfb-4851-8ed3-deff720f0533.png
56	https://d8j0ntlcm91z4.cloudfront.net/user_3FtauoFfi4aiT2rOZozLFkzeELN/hf_20261002_115050_96116546-96c8-4cbb-ba13-4d30488e084e.png
57	https://d8j0ntlcm91z4.cloudfront.net/user_3FtauoFfi4aiT2rOZozLFkzeELN/hf_20261002_115050_4f20c116-7d22-49b1-a50a-21a7cb15c63b.png
58	https://d8j0ntlcm91z4.cloudfront.net/user_3FtauoFfi4aiT2rOZozLFkzeELN/hf_20261002_115134_55c63972-4594-438a-8079-c81a398bede3.png
59	https://d8j0ntlcm91z4.cloudfront.net/user_3FtauoFfi4aiT2rOZozLFkzeELN/hf_20261002_115150_5dac7079-56e4-4e42-9480-d41b2a159123.png
60	https://d8j0ntlcm91z4.cloudfront.net/user_3FtauoFfi4aiT2rOZozLFkzeELN/hf_20261002_115216_72c660da-7f09-43f1-946e-c7e1cb8a2129.png
61	https://d8j0ntlcm91z4.cloudfront.net/user_3FtauoFfi4aiT2rOZozLFkzeELN/hf_20261002_115216_0bc56889-52d3-446c-aa8c-105f5d310ef6.png
62	https://d8j0ntlcm91z4.cloudfront.net/user_3FtauoFfi4aiT2rOZozLFkzeELN/hf_20261002_115235_1f6d0212-62d7-44b5-ae83-1153581ad855.png
