1	hf_20261002_080358_6d6428a0-8b7f-4771-a950-3813562beb6d.png	hf_20261002_115906_93baf480-a9f1-4136-8bc0-f535a3d339e8.mp3
2	hf_20261002_080239_5d7f64b3-ccb2-4068-bf24-02095a40602e.png	hf_20261002_115846_2372b854-9195-4512-85e2-bf19cc58d85e.mp3
3	hf_20261002_080358_396ae244-f71f-4736-b12c-d2cd96818b2e.png	hf_20261002_115906_3d2db738-8d68-48a9-9fa6-122c679dc031.mp3
4	hf_20261002_080238_7ba7033e-2000-4edb-b231-5414dd35a15a.png	hf_20261002_115846_9be96907-cf4a-4b21-bbd9-2b6aedb65694.mp3
5	hf_20261002_080358_b4273455-75e6-4d9d-b1a3-95256351877d.png	hf_20261002_115906_43a83e74-069b-4d26-b331-b421271aa118.mp3
6	hf_20261002_080358_24f5c619-5376-47fc-9a42-419e6fc474a3.png	hf_20261002_115929_681bd0e6-12ca-4324-9100-43eeb32f2d03.mp3
7	hf_20261002_080358_d798f243-2f66-4d99-8c5a-515b01db6d2f.png	hf_20261002_115929_9294b9f4-a6b4-4001-95cd-c71f9e7e3605.mp3
8	hf_20261002_080358_b19e4b58-9610-46d2-b60a-5faec59b7e86.png	hf_20261002_115929_c1de6b34-aabe-4a3a-a6ca-518ef64a2fa6.mp3
9	hf_20261002_080358_b3a58dc2-3ceb-4d10-9adf-38374e40400a.png	hf_20261002_115949_d6362fe1-27f6-4ae1-bb86-e92a8e2bba5e.mp3
10	hf_20261002_080358_531db5a9-ca30-433f-9277-0fb3b73d20ee.png	hf_20261002_115949_b6adbeab-5b46-4d9f-9d70-e8802b716ae7.mp3
11	hf_20261002_080358_2d5586f5-8c0a-4455-85a5-4dfc50d1ef5f.png	hf_20261002_115948_94062504-fc93-4df7-a3df-2587143a3d29.mp3
12	hf_20261002_080454_e953f62c-398d-4e26-9df5-ccc36cf38eee.png	hf_20261002_115949_7a8c4970-dce6-41b2-87e1-c946f2f939cc.mp3
13	hf_20261002_080358_66cd38cd-dc55-45a9-ba14-cf8e05ed9f4d.png	hf_20261002_120029_c181d5d0-eb46-4d5a-8836-b9d1499a098d.mp3
14	hf_20261002_080358_7b4fa691-d292-447f-ad94-2ccb7e10a096.png	hf_20261002_120012_fb72e346-f61d-4c56-8662-3104d9777f59.mp3
15	hf_20261002_080238_8f59f2c4-4700-4d17-8192-3fe917571639.png	hf_20261002_120012_5cf23908-90b4-49ef-b16c-d40de261e4cc.mp3
16	hf_20261002_114414_e8bce743-aecf-44b3-8abc-0ee2fd9912e0.png	hf_20261002_120028_5c603c9d-f538-45de-8224-1a34d04d1323.mp3
17	hf_20261002_080453_986cd0cd-9e63-4120-9ab5-78ea13f63c86.png	hf_20261002_120054_9c91a61f-0875-4a56-a946-fafd22a19eb9.mp3
18	hf_20261002_080358_66cd38cd-dc55-45a9-ba14-cf8e05ed9f4d.png	hf_20261002_120054_8e23a9ca-026e-4ed3-98db-df562c8d9479.mp3
19	hf_20261002_114323_77dc381c-0040-4d26-b939-bf179a488f43.png	hf_20261002_120054_5b94272d-f11d-44b1-b6ef-076b361b44ee.mp3
20	hf_20261002_114323_d30a4f6f-e77c-40c1-86ba-b3b1e71980f3.png	hf_20261002_120120_755d0875-8926-458e-b7c5-4d6196a548af.mp3
21	hf_20261002_114414_5fae6b3f-004a-4be2-8b8b-fbbc0a891a9a.png	hf_20261002_120120_b9a5023b-93c9-4c45-b20a-ab772e4cbb98.mp3
22	hf_20261002_114323_f1338f63-b69a-4d74-9466-3d40551b7628.png	hf_20261002_120120_8e58b12e-a309-4ad5-bd75-d31ed6773f7c.mp3
23	hf_20261002_114323_cf521655-f29f-4864-81f2-daf595cf099e.png	hf_20261002_120141_9ac195e8-e95e-4bf5-9f6d-7bea19a4ad69.mp3
24	hf_20261002_114323_4590af06-ae57-4499-8af9-1c38b6880008.png	hf_20261002_120141_f3eb2e72-d8f9-4142-a475-05687ef14705.mp3
25	hf_20261002_114323_98c1efaf-4dc5-46e4-91f3-ba0e0c224051.png	hf_20261002_120141_c1a318c3-a487-4360-bff8-d9da8f35b59a.mp3
26	hf_20261002_114323_47acaab5-03af-4531-9820-8ee23e21e87b.png	hf_20261002_120159_884c3b01-a819-4621-aec1-6b64bc59987d.mp3
27	hf_20261002_114415_887fe7dd-03cf-4a68-bc2c-4fc997ffd698.png	hf_20261002_120224_269b2594-c55d-4bf7-b860-d6054ecddf5a.mp3
28	hf_20261002_114323_4d9e0997-980f-47c0-8e59-a217d346be06.png	hf_20261002_120201_008da8f9-a064-46f3-adfe-4f2f71b12e57.mp3
29	hf_20261002_114323_af1a719b-4711-4a5f-a1e2-7065f60a442a.png	hf_20261002_120224_5fa6ed05-8c2b-4f52-bc92-43597afd35af.mp3
30	hf_20261002_114414_b065ea71-039b-4705-b7df-c4e31f9a0867.png	hf_20261002_120224_3b4e3e90-9a70-458c-8599-1a59350ecdcb.mp3
31	hf_20261002_080358_b3a58dc2-3ceb-4d10-9adf-38374e40400a.png	hf_20261002_120245_d7a50cc3-5760-48e8-955b-91e4dd5205b6.mp3
32	hf_20261002_114508_daeca65f-ec2f-4861-8256-517245a36b18.png	hf_20261002_120245_babb7e0e-5241-4b44-aac4-59526c2132dc.mp3
33	hf_20261002_114508_c23f1f44-5bca-4c40-9c24-8e0b047cbc40.png	hf_20261002_120245_1c6ef3b5-28d4-403d-8ef0-5a4b23e62f55.mp3
34	hf_20261002_114508_72be975e-790a-4b33-bb73-8bbc44c95f04.png	hf_20261002_120308_a09eddd3-a516-4920-9ab1-97d49bbdae1f.mp3
35	hf_20261002_114508_97284d50-75fb-4bd3-a520-8c07d1c04f4a.png	hf_20261002_120309_eeb082a7-96ec-4aea-8032-126d6ecde28f.mp3
36	hf_20261002_114604_e774f29d-1e98-4aad-ad41-f313e26767fe.png	hf_20261002_120308_6a9c2e05-66c1-4940-9bc4-af7537fe336d.mp3
37	hf_20261002_114604_2fc3f81a-4f52-4103-8ef4-844805ad662c.png	hf_20261002_120329_8a256344-1fbc-4c6f-a5d6-052cd47c6324.mp3
38	hf_20261002_114604_0e8038c9-2950-433c-93bb-f2b56193a68f.png	hf_20261002_120329_1c130832-1a80-4a03-8919-63d3bf815ad2.mp3
39	hf_20261002_114604_1a9f728b-ac3a-49ab-83f5-d6de5fb48f51.png	hf_20261002_120329_dd571d2a-af64-41cc-b324-111b47f791ff.mp3
40	hf_20261002_114653_0cf27039-4cf5-4e52-913d-cc195c4ff801.png	hf_20261002_120352_ce807463-289a-4a42-93dd-56044ae2ea0c.mp3
41	hf_20261002_114653_a2f447b2-8b1a-4c02-a947-e17a13cb1adb.png	hf_20261002_120352_41af99fd-6fbf-4042-9063-7899929fb51e.mp3
42	hf_20261002_114653_7d8c6170-4836-4130-b5d2-c141bc90cc89.png	hf_20261002_120352_b4e7b05c-0e31-4e80-9009-c3d152169a9b.mp3
43	hf_20261002_114743_91e2a295-3aa0-4166-b4c4-d7f2d8ea1c69.png	hf_20261002_120414_4dbbe077-877f-40c2-871d-3f718fc6fb51.mp3
44	hf_20261002_114653_0375d45e-7522-451e-8b49-7cf227873555.png	hf_20261002_120414_469758bc-4419-46d8-9115-26c395b0401f.mp3
45	hf_20261002_114741_6f723ab2-9d39-4822-811b-da7e35f32c1c.png	hf_20261002_120414_fd4d6692-ffac-4850-a342-bfda9bcff1e9.mp3
46	hf_20261002_114741_332e5f49-c051-43b5-b603-d9b1d1510937.png	hf_20261002_120436_46a6604c-c7ab-47af-888f-17fbd1643aea.mp3
47	hf_20261002_114741_17005dc3-7c02-49d9-8edf-593eda26e768.png	hf_20261002_120436_20071d0e-72f3-4247-81a6-b3a374e7989e.mp3
48	hf_20261002_114834_d2bcff34-5e1d-4bd1-8cc2-7af7d6958d79.png	hf_20261002_120436_192e7a09-ca2d-4d5c-8724-1ca8eee2f936.mp3
49	hf_20261002_114834_53f934da-5b1d-4c6b-b162-32adf8716129.png	hf_20261002_120457_3533054f-a620-4ef3-bc76-011a2523c6eb.mp3
50	hf_20261002_114833_785f172a-6e3e-4ccd-a946-645664dfe036.png	hf_20261002_120457_368c7b17-487a-4d93-aebf-4f642132ddca.mp3
51	hf_20261002_114910_01d86ea1-f5b0-4f62-a4e3-520b4c0715c3.png	hf_20261002_120457_4f2c847c-0c8c-40e2-abbb-7f8a73975eaa.mp3
52	hf_20261002_114931_9b261957-ee31-45ff-9a59-1ef8f75c2bb0.png	hf_20261002_120520_336424e7-a1d4-4676-8c98-fe768a5153ab.mp3
53	hf_20261002_114931_8ceefd8f-8213-4127-9df6-f9a848abfbdf.png	hf_20261002_120520_71a3accb-d66f-4b2f-8e1f-89b5c2aade88.mp3
54	hf_20261002_114931_4470a00e-e5e1-4c13-a00c-46dbd2b20b3d.png	hf_20261002_120520_4ab975e9-3af7-4760-9159-3c05f157b96d.mp3
55	hf_20261002_114949_fd035026-c86d-4c86-bcfb-63ef762fc8f3.png	hf_20261002_120539_e62d55bc-974f-4e54-a5bd-59c85f5e904e.mp3
56	hf_20261002_115039_d3bd9d3b-0414-4423-b0a5-1addb4e59591.png	hf_20261002_120539_99ea103b-a200-499e-951c-284f5fa2ff73.mp3
57	hf_20261002_115039_32293f47-8bfb-4851-8ed3-deff720f0533.png	hf_20261002_120539_317900bc-9a4f-443f-94a0-e46cbba30304.mp3
58	hf_20261002_115050_96116546-96c8-4cbb-ba13-4d30488e084e.png	hf_20261002_120634_24ca2e78-f683-4564-98d4-31dd46bac494.mp3
59	hf_20261002_115050_4f20c116-7d22-49b1-a50a-21a7cb15c63b.png	hf_20261002_120633_00a06de3-8664-4eb6-85e6-a412e5ac1f39.mp3
60	hf_20261002_115134_55c63972-4594-438a-8079-c81a398bede3.png	hf_20261002_120634_c4fbc884-007a-4fba-8cdd-a4f92b37635c.mp3
61	hf_20261002_115150_5dac7079-56e4-4e42-9480-d41b2a159123.png	hf_20261002_120653_66c74a5d-b527-4a13-a252-73eee2b3770e.mp3
62	hf_20261002_115216_72c660da-7f09-43f1-946e-c7e1cb8a2129.png	hf_20261002_120653_9d86fafd-e2fe-4833-94d3-391058e9ccc5.mp3
63	hf_20261002_115216_0bc56889-52d3-446c-aa8c-105f5d310ef6.png	hf_20261002_120706_35cd8073-8314-4c48-a30a-7af4670b790a.mp3
64	hf_20261002_115235_1f6d0212-62d7-44b5-ae83-1153581ad855.png	hf_20261002_120706_beef5fa8-e5fe-4c62-8316-25a28d9b9bc1.mp3
