4	Your nephew Marcus called on a Sunday. He was moving out of his girlfriend's place, he had a truck full of furniture, and he needed somewhere to put it. Fast.
1	You drove over and helped him carry a couch into a storage unit off Route 9.
5	Ten by ten. Orange door. Eighty-nine dollars a month.
2	The manager at the front desk, a kid named Tyler, slid Marcus a contract and a padlock and told him, "First month's half off. Owner's pretty generous."
6	Marcus laughed. "Must be nice to own one of these." You didn't say anything.
7	You own that one. And two hundred and eleven others. In three countries.
8	The company Tyler works for is one small piece of a holding company worth about four hundred and eighty million dollars.
9	Your name isn't on any of it. Not the sign. Not the website. Not the contract Marcus just signed.
10	And the reason nobody knows is the same reason you're still standing, when the loudest guy in the business isn't.
11	It started with a gravel lot, and a woman who kept everything in pencil.
12	You were twenty-four, working nights at a distribution warehouse.
13	You'd saved forty-one thousand dollars by living in a basement apartment with a space heater.
14	Everyone you knew wanted to buy a rental house. You drove past something nobody wanted: a storage lot with sixty-two units, a chain-link fence, and a hand-painted sign that said Space Available. Half the doors were rusted shut.
15	The owner was an eighty-year-old named Walt who wanted out. He was asking six hundred thousand. You had forty-one. So you did the only thing that made sense. You asked who did Walt's books.
3	Her name was Ruth. Seventy-three, a retired bookkeeper, still doing taxes for half the small businesses in the county out of her kitchen. She opened a green spiral notebook to a page labeled Walt, Storage, and turned it around.
17	"Here's what nobody tells you about storage," she said. "No toilets. No tenants calling at midnight. People put things in a box, then they forget about the box. And they keep paying."
16	Then she tapped the page. "Walt charges forty-five for a ten by ten. Across town it's a hundred and five. He hasn't raised rent in nine years, because he likes being liked."
14	That was the moment you understood. You weren't buying a lot. You were buying a price nobody had touched.
19	Before you left, Ruth gave you three rules. You wrote them on the back of a receipt. Rule one: never put your name on the sign. People will pay a company. They'll negotiate with a man.
20	Rule two: never borrow money that can change its mind. Fixed rate, long term, or don't do the deal.
21	Rule three: buy from people who are tired, never from people who are desperate. Tired people want a fair buyer. Desperate people want a miracle, and miracles come with lawyers.
22	You put down your forty-one thousand. A local bank lent you four hundred and twenty, fixed for twenty-five years. Walt carried the last hundred and forty as a seller note, paid to him monthly.
23	"He'll be your lender," Ruth said, "and the tenants will be paying him."
24	The first thing you did wasn't raise rent. It was fix the doors.
25	Then you put in a keypad gate, and real lights.
26	Then, and only for new customers, you charged seventy-five. The units filled in four months.
18	Existing tenants went up five dollars a quarter. Almost nobody left. People will pay a lot of money to never have to think about their stuff again.
27	In year one, Walt's lot made thirty-eight thousand dollars in profit. In your second year, it made a hundred and forty-one thousand. Same fence. Same gravel. Same sixty-two doors.
28	The company was called Ridgeline Storage. Named after the road. Not after you.
29	Now, there's someone you need to meet. Remember his face, because in a few years, you'll be buying his buildings.
10	His name was Grant Lyle, but on billboards across the state he was The Storage Baron. Top hat. Cartoon castle. A jingle on the radio every morning.
30	Grant didn't buy old lots. He built new ones. Glass fronts, four stories tall. And he paid for them with floating-rate loans at three percent, because three percent felt like it would last forever.
31	At a trade conference, Grant looked at your name badge and laughed. "Ridgeline. You're the gravel guy." Money was cheap, he said. The winners would be whoever built the fastest.
32	By then you owned nine facilities. He owned thirty-one.
33	You smiled, thanked him, and wrote one more line on the back of Ruth's receipt. Cheap money is a loan from the future. And the future always collects.
34	You were thirty-four when it happened. Interest rates didn't go up. They jumped. The floating loans that cost Grant three percent now cost him over eight.
35	His buildings were beautiful, and half empty. New facilities take years to fill. His interest payments tripled, and his lenders stopped extending.
36	Then one bank took four facilities back, and the rest followed like dominoes.
37	Twenty-two months after he laughed at you, his buildings went to auction. You know who bought six of them?
38	Your rate hadn't moved. Ruth's second rule had been sitting quietly in every loan you'd signed for ten years.
39	Your lots were full, your debt was fixed, and when everyone else was desperate, you were just a little bit bored. That's the best time to buy anything.
40	This next part is where the real money is. Storage is valued by something called a cap rate. A facility earning a hundred thousand a year, at an eight percent cap rate, is worth one point two five million.
42	Small facilities owned by retiring families trade at seven or eight percent. Big professional portfolios, the kind pension funds want, trade closer to five. Same dollar of profit. Very different price.
41	At five percent, that same hundred thousand is worth two million. So every lot you folded into Ridgeline became worth about sixty percent more, overnight.
43	Same gate system. Same pricing software. Same reporting. Not because you worked harder. Because of who it was now standing next to.
44	You never advertised that you were buying. You sent handwritten letters. You called Ruth's clients, then their friends, then their friends' accountants.
45	And sellers kept hearing the same thing about you. "He fixes the doors, and he keeps the manager." So you kept every manager.
46	You kept every local name, too. Hollow Creek Storage stayed Hollow Creek Storage. Nobody driving past could see the company above all of them.
47	At forty-one, a large investment firm offered you three hundred and ten million dollars for everything.
48	You called Ruth first. She was ninety now. "What do they want it for?" she asked. To hold it ten years and sell bigger, you said. "Then they've done the math on you. Make them do it again in ten years."
49	So you didn't sell the company. You sold a forty percent stake for a hundred and twenty-four million, kept control, and used every dollar to keep buying.
51	Tired owners with no succession plan aren't just an American thing. Canada had them. So did the United Kingdom.
50	You didn't move. You hired one quiet operator in each country, handed them the playbook with Ruth's three rules on the first page, and gave them the capital.
52	By forty-six, Ridgeline owned two hundred and twelve facilities, in three countries.
53	Last year's appraisal put the whole company at four hundred and eighty million dollars.
54	Ruth died the spring you turned forty-five. She left you the green notebook.
55	The page that said Walt, Storage, had a pencil note in the corner you'd never noticed. "Good kid. Too quiet. That'll help him."
56	Last month, a journalist called, writing a list of the richest people in the state nobody had ever heard of. You let it go to voicemail.
57	Then you drove out to Route 9, and helped your nephew carry a couch.
58	Here's what a gravel lot taught you. Never put your name on the sign. Visibility is a cost you pay forever.
59	Never borrow money that can change its mind. The loudest people in any industry are usually standing on floating-rate debt.
60	Buy from people who are tired, not people who are desperate. And when the market makes everyone desperate, be the one who's simply bored, and ready.
61	Somewhere off Route 9, there's a guy in an old sweatshirt helping his nephew with a couch. The manager thinks he's just a nice uncle. That's exactly how he planned it.
62	If you want the next one, the silent owner behind a chain of laundromats, tell me in the comments.
