1	https://d8j0ntlcm91z4.cloudfront.net/user_3FtauoFfi4aiT2rOZozLFkzeELN/hf_20261003_214759_d8979767-d7ff-4c6b-a46b-de82417bb383.mp3
2	https://d8j0ntlcm91z4.cloudfront.net/user_3FtauoFfi4aiT2rOZozLFkzeELN/hf_20261003_214759_405f875b-574c-4117-852d-7e6a82b4a930.mp3
3	https://d8j0ntlcm91z4.cloudfront.net/user_3FtauoFfi4aiT2rOZozLFkzeELN/hf_20261003_214759_9baf17d3-5b1c-4b53-b0b7-ca68a274e65e.mp3
4	https://d8j0ntlcm91z4.cloudfront.net/user_3FtauoFfi4aiT2rOZozLFkzeELN/hf_20261003_214759_0b5b2d16-2d72-451a-b46f-68945abb6128.mp3
5	https://d8j0ntlcm91z4.cloudfront.net/user_3FtauoFfi4aiT2rOZozLFkzeELN/hf_20261003_214853_fac115da-ebd2-4c25-a45e-5cc10569beb1.mp3
6	https://d8j0ntlcm91z4.cloudfront.net/user_3FtauoFfi4aiT2rOZozLFkzeELN/hf_20261003_214853_41998e1d-61e2-48a1-855d-748080525999.mp3
7	https://d8j0ntlcm91z4.cloudfront.net/user_3FtauoFfi4aiT2rOZozLFkzeELN/hf_20261003_214853_a1957aac-5059-4820-a7b9-0c0f57b58227.mp3
8	https://d8j0ntlcm91z4.cloudfront.net/user_3FtauoFfi4aiT2rOZozLFkzeELN/hf_20261003_214853_adeed57f-fd09-4740-aa00-15afe40b5544.mp3
9	https://d8j0ntlcm91z4.cloudfront.net/user_3FtauoFfi4aiT2rOZozLFkzeELN/hf_20261003_214916_b33e67e6-d075-4242-b0d9-d90c9cec3f39.mp3
10	https://d8j0ntlcm91z4.cloudfront.net/user_3FtauoFfi4aiT2rOZozLFkzeELN/hf_20261003_214916_66ffb14c-3bc3-4ac1-bc82-c94be8aaf6b2.mp3
11	https://d8j0ntlcm91z4.cloudfront.net/user_3FtauoFfi4aiT2rOZozLFkzeELN/hf_20261003_214916_ac93d386-6fa9-4b79-a411-4ad56a595524.mp3
12	https://d8j0ntlcm91z4.cloudfront.net/user_3FtauoFfi4aiT2rOZozLFkzeELN/hf_20261003_214916_0fe027ba-60ca-46cf-a7e8-7a627a990da5.mp3
13	https://d8j0ntlcm91z4.cloudfront.net/user_3FtauoFfi4aiT2rOZozLFkzeELN/hf_20261003_214931_c90ee4d1-0278-41ec-b249-bd15d6adacb7.mp3
14	https://d8j0ntlcm91z4.cloudfront.net/user_3FtauoFfi4aiT2rOZozLFkzeELN/hf_20261003_214931_d71373cb-af7a-4625-8770-ab3a5bb8a5bb.mp3
15	https://d8j0ntlcm91z4.cloudfront.net/user_3FtauoFfi4aiT2rOZozLFkzeELN/hf_20261003_214931_f6855447-e329-4695-a23d-bc04c45d3b65.mp3
16	https://d8j0ntlcm91z4.cloudfront.net/user_3FtauoFfi4aiT2rOZozLFkzeELN/hf_20261003_214931_21c6e908-f9bb-4719-a3f0-330c211803a2.mp3
17	https://d8j0ntlcm91z4.cloudfront.net/user_3FtauoFfi4aiT2rOZozLFkzeELN/hf_20261003_214949_402434a0-9cb9-4f7e-9882-45e03a247422.mp3
18	https://d8j0ntlcm91z4.cloudfront.net/user_3FtauoFfi4aiT2rOZozLFkzeELN/hf_20261003_214949_f08c8a34-e547-4487-8442-f29c8382d6b3.mp3
19	https://d8j0ntlcm91z4.cloudfront.net/user_3FtauoFfi4aiT2rOZozLFkzeELN/hf_20261003_214949_52d69848-6743-4f9a-9416-429edf164450.mp3
20	https://d8j0ntlcm91z4.cloudfront.net/user_3FtauoFfi4aiT2rOZozLFkzeELN/hf_20261003_214949_2c136e2b-ac6c-4d2c-a930-839a7fdc6c01.mp3
21	https://d8j0ntlcm91z4.cloudfront.net/user_3FtauoFfi4aiT2rOZozLFkzeELN/hf_20261003_215007_21ee501c-0bbe-4ba8-b5a4-48258450e16e.mp3
22	https://d8j0ntlcm91z4.cloudfront.net/user_3FtauoFfi4aiT2rOZozLFkzeELN/hf_20261003_215007_ed32934e-f181-4edc-99c8-9bc077c4ed75.mp3
23	https://d8j0ntlcm91z4.cloudfront.net/user_3FtauoFfi4aiT2rOZozLFkzeELN/hf_20261003_215007_128eafb6-4536-4fc5-be57-08d6102210d8.mp3
24	https://d8j0ntlcm91z4.cloudfront.net/user_3FtauoFfi4aiT2rOZozLFkzeELN/hf_20261003_215007_40187320-7d70-43de-884a-79dc87e854fa.mp3
25	https://d8j0ntlcm91z4.cloudfront.net/user_3FtauoFfi4aiT2rOZozLFkzeELN/hf_20261003_215024_4e0b5383-7eeb-4303-b90a-e9eb8e239c20.mp3
28	https://d8j0ntlcm91z4.cloudfront.net/user_3FtauoFfi4aiT2rOZozLFkzeELN/hf_20261003_215023_08ec02bf-44f2-45d4-b753-5b2f7f2d951b.mp3
26	https://d8j0ntlcm91z4.cloudfront.net/user_3FtauoFfi4aiT2rOZozLFkzeELN/hf_20261003_215037_5dcc8378-f010-4c70-98d6-078f5b1a7902.mp3
27	https://d8j0ntlcm91z4.cloudfront.net/user_3FtauoFfi4aiT2rOZozLFkzeELN/hf_20261003_215037_97bb6c19-63c1-4b2d-92b7-2ed5601a175b.mp3
29	https://d8j0ntlcm91z4.cloudfront.net/user_3FtauoFfi4aiT2rOZozLFkzeELN/hf_20261003_215037_6ef5efb4-122d-486b-af48-1f690267edeb.mp3
30	https://d8j0ntlcm91z4.cloudfront.net/user_3FtauoFfi4aiT2rOZozLFkzeELN/hf_20261003_215037_f65e7a4d-69d9-4c77-af87-62561ebc59e1.mp3
31	https://d8j0ntlcm91z4.cloudfront.net/user_3FtauoFfi4aiT2rOZozLFkzeELN/hf_20261003_215055_ead668e4-8167-494f-b281-360552c3e95f.mp3
32	https://d8j0ntlcm91z4.cloudfront.net/user_3FtauoFfi4aiT2rOZozLFkzeELN/hf_20261003_215055_517651f5-308f-4ec0-8f13-d311f9fce8d9.mp3
33	https://d8j0ntlcm91z4.cloudfront.net/user_3FtauoFfi4aiT2rOZozLFkzeELN/hf_20261003_215055_33358f5e-698e-4df1-b5e0-deb4b404b7a9.mp3
34	https://d8j0ntlcm91z4.cloudfront.net/user_3FtauoFfi4aiT2rOZozLFkzeELN/hf_20261003_215055_848b3d54-d3e2-4970-9c14-f2afae537344.mp3
35	https://d8j0ntlcm91z4.cloudfront.net/user_3FtauoFfi4aiT2rOZozLFkzeELN/hf_20261003_215113_4a5f8311-69e3-4a36-8c4c-44da0da31606.mp3
36	https://d8j0ntlcm91z4.cloudfront.net/user_3FtauoFfi4aiT2rOZozLFkzeELN/hf_20261003_215113_c64d96de-4317-4c06-8a4c-6075152b7020.mp3
38	https://d8j0ntlcm91z4.cloudfront.net/user_3FtauoFfi4aiT2rOZozLFkzeELN/hf_20261003_215112_b611503f-9c0b-40f7-bf12-31eeb401fbb7.mp3
37	https://d8j0ntlcm91z4.cloudfront.net/user_3FtauoFfi4aiT2rOZozLFkzeELN/hf_20261003_215128_199d4d99-b16d-4c7a-a88a-f510c774e056.mp3
40	https://d8j0ntlcm91z4.cloudfront.net/user_3FtauoFfi4aiT2rOZozLFkzeELN/hf_20261003_215128_882ae8cf-4b2c-4a55-b9e4-c6ab7b857246.mp3
41	https://d8j0ntlcm91z4.cloudfront.net/user_3FtauoFfi4aiT2rOZozLFkzeELN/hf_20261003_215128_0495c2c2-99bd-4b53-b4b4-0a09b23253b0.mp3
42	https://d8j0ntlcm91z4.cloudfront.net/user_3FtauoFfi4aiT2rOZozLFkzeELN/hf_20261003_215149_da69c492-8e1e-406c-b90c-0935b6766179.mp3
43	https://d8j0ntlcm91z4.cloudfront.net/user_3FtauoFfi4aiT2rOZozLFkzeELN/hf_20261003_215149_75ee8f08-80db-4496-a93a-c5d7ede3e53d.mp3
44	https://d8j0ntlcm91z4.cloudfront.net/user_3FtauoFfi4aiT2rOZozLFkzeELN/hf_20261003_215149_37d5d474-269f-4ef3-9bc2-8448fff1900c.mp3
39	https://d8j0ntlcm91z4.cloudfront.net/user_3FtauoFfi4aiT2rOZozLFkzeELN/hf_20261003_215205_9fb43478-c0a6-4d43-9d87-012ceddae530.mp3
46	https://d8j0ntlcm91z4.cloudfront.net/user_3FtauoFfi4aiT2rOZozLFkzeELN/hf_20261003_215205_67f10cfe-1aa2-4990-9558-f2b79e67d870.mp3
47	https://d8j0ntlcm91z4.cloudfront.net/user_3FtauoFfi4aiT2rOZozLFkzeELN/hf_20261003_215205_769a4fdc-eeb6-4b5b-8ad9-2955a37cd4e3.mp3
48	https://d8j0ntlcm91z4.cloudfront.net/user_3FtauoFfi4aiT2rOZozLFkzeELN/hf_20261003_215220_b396e1b1-1d28-4b0f-9e28-0af084598201.mp3
49	https://d8j0ntlcm91z4.cloudfront.net/user_3FtauoFfi4aiT2rOZozLFkzeELN/hf_20261003_215220_6dc6f326-10b4-444e-9e1e-562246363c13.mp3
45	https://d8j0ntlcm91z4.cloudfront.net/user_3FtauoFfi4aiT2rOZozLFkzeELN/hf_20261003_215234_6ebe55d1-72dd-410a-b85d-b9429164b25a.mp3
50	https://d8j0ntlcm91z4.cloudfront.net/user_3FtauoFfi4aiT2rOZozLFkzeELN/hf_20261003_215234_daf9d9f2-af4e-4b9c-b030-ed0432e2a17d.mp3
52	https://d8j0ntlcm91z4.cloudfront.net/user_3FtauoFfi4aiT2rOZozLFkzeELN/hf_20261003_215250_53d47c32-2d53-4aae-9b64-3bfeff8c0c1d.mp3
53	https://d8j0ntlcm91z4.cloudfront.net/user_3FtauoFfi4aiT2rOZozLFkzeELN/hf_20261003_215250_115f8acb-2966-43b1-b3de-33bfb90cb51e.mp3
54	https://d8j0ntlcm91z4.cloudfront.net/user_3FtauoFfi4aiT2rOZozLFkzeELN/hf_20261003_215250_6af669df-e4b6-4ecd-8645-f26ceff828df.mp3
51	https://d8j0ntlcm91z4.cloudfront.net/user_3FtauoFfi4aiT2rOZozLFkzeELN/hf_20261003_215305_4b8e3f51-fb73-4d70-a3f8-7c35e799f4b9.mp3
55	https://d8j0ntlcm91z4.cloudfront.net/user_3FtauoFfi4aiT2rOZozLFkzeELN/hf_20261003_215305_a9c27bf0-07d5-417d-b02e-04cbe8ad61e6.mp3
56	https://d8j0ntlcm91z4.cloudfront.net/user_3FtauoFfi4aiT2rOZozLFkzeELN/hf_20261003_215305_0f818dd0-1a70-4840-b4c0-4e860bc87d12.mp3
57	https://d8j0ntlcm91z4.cloudfront.net/user_3FtauoFfi4aiT2rOZozLFkzeELN/hf_20261003_215305_b57c025f-2879-4d5f-b48f-e0dd12d61a53.mp3
58	https://d8j0ntlcm91z4.cloudfront.net/user_3FtauoFfi4aiT2rOZozLFkzeELN/hf_20261003_215321_b9642244-2efe-45a1-a136-356229194d2a.mp3
59	https://d8j0ntlcm91z4.cloudfront.net/user_3FtauoFfi4aiT2rOZozLFkzeELN/hf_20261003_215321_3c16cd6d-b9d2-4a29-a6eb-92ec6c1ba838.mp3
60	https://d8j0ntlcm91z4.cloudfront.net/user_3FtauoFfi4aiT2rOZozLFkzeELN/hf_20261003_215321_d15fa5c5-0742-49b6-b491-e9b710520125.mp3
61	https://d8j0ntlcm91z4.cloudfront.net/user_3FtauoFfi4aiT2rOZozLFkzeELN/hf_20261003_215336_adc4129e-e3bd-4424-9dca-dd4f1807b0d9.mp3
62	https://d8j0ntlcm91z4.cloudfront.net/user_3FtauoFfi4aiT2rOZozLFkzeELN/hf_20261003_215336_e88620ff-78c6-4336-899e-d901f29725d4.mp3
64	https://d8j0ntlcm91z4.cloudfront.net/user_3FtauoFfi4aiT2rOZozLFkzeELN/hf_20261003_215336_1edecb13-58e4-413f-abb2-0be325ab4aa1.mp3
63	https://d8j0ntlcm91z4.cloudfront.net/user_3FtauoFfi4aiT2rOZozLFkzeELN/hf_20261003_215350_4610bd8c-0442-484b-a0cb-52c2f82ae6ab.mp3
65	https://d8j0ntlcm91z4.cloudfront.net/user_3FtauoFfi4aiT2rOZozLFkzeELN/hf_20261003_215349_738e2619-d6bb-4d13-806b-f571445c51af.mp3
66	https://d8j0ntlcm91z4.cloudfront.net/user_3FtauoFfi4aiT2rOZozLFkzeELN/hf_20261003_215350_e33fe96f-40af-42f5-9f39-32e1b0f3590f.mp3
67	https://d8j0ntlcm91z4.cloudfront.net/user_3FtauoFfi4aiT2rOZozLFkzeELN/hf_20261003_215349_313c4798-e103-4f8d-966d-44c274661af9.mp3
68	https://d8j0ntlcm91z4.cloudfront.net/user_3FtauoFfi4aiT2rOZozLFkzeELN/hf_20261003_215405_30f4477d-195b-4400-9944-e147fde06615.mp3
69	https://d8j0ntlcm91z4.cloudfront.net/user_3FtauoFfi4aiT2rOZozLFkzeELN/hf_20261003_215405_b7f63894-9efc-4212-a984-e95e8e9839ed.mp3
70	https://d8j0ntlcm91z4.cloudfront.net/user_3FtauoFfi4aiT2rOZozLFkzeELN/hf_20261003_215405_b4dc51b5-4d51-4561-980e-0485094b474b.mp3
71	https://d8j0ntlcm91z4.cloudfront.net/user_3FtauoFfi4aiT2rOZozLFkzeELN/hf_20261003_215421_deba5993-4f4f-46ff-a151-65b8d43284ea.mp3
72	https://d8j0ntlcm91z4.cloudfront.net/user_3FtauoFfi4aiT2rOZozLFkzeELN/hf_20261003_215421_5c5706ce-114b-4352-b5e5-819064d6991d.mp3
74	https://d8j0ntlcm91z4.cloudfront.net/user_3FtauoFfi4aiT2rOZozLFkzeELN/hf_20261003_215421_7d365098-3e7c-4559-8902-4cc1850502b6.mp3
73	https://d8j0ntlcm91z4.cloudfront.net/user_3FtauoFfi4aiT2rOZozLFkzeELN/hf_20261003_215434_8a7da85c-225b-4c0d-bd9c-615f35d91607.mp3
75	https://d8j0ntlcm91z4.cloudfront.net/user_3FtauoFfi4aiT2rOZozLFkzeELN/hf_20261003_215434_c570980b-4861-4c98-95a0-c21ec0bb83e4.mp3
76	https://d8j0ntlcm91z4.cloudfront.net/user_3FtauoFfi4aiT2rOZozLFkzeELN/hf_20261003_215448_fd0f12ed-edae-4fc7-93c2-8bad7e9bb0a5.mp3
77	https://d8j0ntlcm91z4.cloudfront.net/user_3FtauoFfi4aiT2rOZozLFkzeELN/hf_20261003_215448_830dfbea-866d-4f7f-b867-64d7490e48b5.mp3
78	https://d8j0ntlcm91z4.cloudfront.net/user_3FtauoFfi4aiT2rOZozLFkzeELN/hf_20261003_215448_e7f3d006-1ba1-4956-a467-1f6b96479335.mp3
79	https://d8j0ntlcm91z4.cloudfront.net/user_3FtauoFfi4aiT2rOZozLFkzeELN/hf_20261003_215448_79523f99-6fc5-4ccc-ad9f-f0352f072724.mp3
80	https://d8j0ntlcm91z4.cloudfront.net/user_3FtauoFfi4aiT2rOZozLFkzeELN/hf_20261003_215508_3537ab2e-a9ad-4282-977a-0bf085f4b20d.mp3
82	https://d8j0ntlcm91z4.cloudfront.net/user_3FtauoFfi4aiT2rOZozLFkzeELN/hf_20261003_215507_4316c763-2157-425a-9ba8-0770d2463ce4.mp3
83	https://d8j0ntlcm91z4.cloudfront.net/user_3FtauoFfi4aiT2rOZozLFkzeELN/hf_20261003_215508_fc0a747a-ef72-4de2-9233-59924c1aec10.mp3
81	https://d8j0ntlcm91z4.cloudfront.net/user_3FtauoFfi4aiT2rOZozLFkzeELN/hf_20261003_215523_a0f9c0f6-9f85-46f8-b65e-523f7c271087.mp3
84	https://d8j0ntlcm91z4.cloudfront.net/user_3FtauoFfi4aiT2rOZozLFkzeELN/hf_20261003_215523_5dd23521-e8ae-4aeb-8a37-c8ad656169d5.mp3
86	https://d8j0ntlcm91z4.cloudfront.net/user_3FtauoFfi4aiT2rOZozLFkzeELN/hf_20261003_215522_ca0fafb4-0cfc-4106-9ef8-12470b8cc828.mp3
85	https://d8j0ntlcm91z4.cloudfront.net/user_3FtauoFfi4aiT2rOZozLFkzeELN/hf_20261003_215537_8555fcbb-29b3-4807-9efa-790a0a728678.mp3
87	https://d8j0ntlcm91z4.cloudfront.net/user_3FtauoFfi4aiT2rOZozLFkzeELN/hf_20261003_215536_32aed91f-5fff-4a7e-8ee0-9c589a6f9ea3.mp3
88	https://d8j0ntlcm91z4.cloudfront.net/user_3FtauoFfi4aiT2rOZozLFkzeELN/hf_20261003_215537_748e9036-e88d-44d3-aec8-470ae58afb82.mp3
89	https://d8j0ntlcm91z4.cloudfront.net/user_3FtauoFfi4aiT2rOZozLFkzeELN/hf_20261003_215536_f4e05b44-cd53-4bd5-b8e8-f62caa86e6b7.mp3
91	https://d8j0ntlcm91z4.cloudfront.net/user_3FtauoFfi4aiT2rOZozLFkzeELN/hf_20261003_215606_3f5c9e97-5e59-4205-b6fa-047e42b9d97d.mp3
93	https://d8j0ntlcm91z4.cloudfront.net/user_3FtauoFfi4aiT2rOZozLFkzeELN/hf_20261003_215606_9c10a269-dfaa-4331-90f0-bbb1e5dacdf2.mp3
90	https://d8j0ntlcm91z4.cloudfront.net/user_3FtauoFfi4aiT2rOZozLFkzeELN/hf_20261003_215620_83c936cd-a663-4d98-9d87-5d06647864f7.mp3
92	https://d8j0ntlcm91z4.cloudfront.net/user_3FtauoFfi4aiT2rOZozLFkzeELN/hf_20261003_215620_d56ce37e-f71e-4ca5-8cc4-a1510c12ae55.mp3
94	https://d8j0ntlcm91z4.cloudfront.net/user_3FtauoFfi4aiT2rOZozLFkzeELN/hf_20261003_215620_6791d0cd-4869-4207-9209-de83016f62c7.mp3
95	https://d8j0ntlcm91z4.cloudfront.net/user_3FtauoFfi4aiT2rOZozLFkzeELN/hf_20261003_215620_a4dddbb1-c307-4b16-857c-0fcce0d36d12.mp3
96	https://d8j0ntlcm91z4.cloudfront.net/user_3FtauoFfi4aiT2rOZozLFkzeELN/hf_20261003_215635_fba62cf2-4e19-4473-a796-250eadd9f957.mp3
97	https://d8j0ntlcm91z4.cloudfront.net/user_3FtauoFfi4aiT2rOZozLFkzeELN/hf_20261003_215635_00151c3e-9771-4748-8bdd-be0c05e6f226.mp3
98	https://d8j0ntlcm91z4.cloudfront.net/user_3FtauoFfi4aiT2rOZozLFkzeELN/hf_20261003_215635_71f60c7c-463a-4973-aa52-8a976645c93b.mp3
99	https://d8j0ntlcm91z4.cloudfront.net/user_3FtauoFfi4aiT2rOZozLFkzeELN/hf_20261003_215655_0390c33e-b00d-4120-a518-a1665b5a6fe5.mp3
100	https://d8j0ntlcm91z4.cloudfront.net/user_3FtauoFfi4aiT2rOZozLFkzeELN/hf_20261003_215655_9359a8b6-b06a-48e9-b269-4002678dad6d.mp3
101	https://d8j0ntlcm91z4.cloudfront.net/user_3FtauoFfi4aiT2rOZozLFkzeELN/hf_20261003_215655_cf9756cc-c4f0-4c49-b305-0509c84ce11a.mp3
102	https://d8j0ntlcm91z4.cloudfront.net/user_3FtauoFfi4aiT2rOZozLFkzeELN/hf_20261003_215655_f18b41d3-1eec-4861-b871-3edd100c93f5.mp3
103	https://d8j0ntlcm91z4.cloudfront.net/user_3FtauoFfi4aiT2rOZozLFkzeELN/hf_20261003_215711_46a81b01-178f-4e3f-bcaf-28e6d34a2289.mp3
104	https://d8j0ntlcm91z4.cloudfront.net/user_3FtauoFfi4aiT2rOZozLFkzeELN/hf_20261003_215710_eda34bae-a441-4030-80d3-e1c0420eb294.mp3
105	https://d8j0ntlcm91z4.cloudfront.net/user_3FtauoFfi4aiT2rOZozLFkzeELN/hf_20261003_215710_1371829e-3276-4728-8011-8b9adc7a35be.mp3
106	https://d8j0ntlcm91z4.cloudfront.net/user_3FtauoFfi4aiT2rOZozLFkzeELN/hf_20261003_215710_35c646bf-572a-4716-b057-5c0860257cbf.mp3
107	https://d8j0ntlcm91z4.cloudfront.net/user_3FtauoFfi4aiT2rOZozLFkzeELN/hf_20261003_215725_9e1003d5-b5de-4c0e-b574-0359e797e198.mp3
109	https://d8j0ntlcm91z4.cloudfront.net/user_3FtauoFfi4aiT2rOZozLFkzeELN/hf_20261003_215725_ef4e2d44-fdd6-4fed-8595-61717fc73d5d.mp3
110	https://d8j0ntlcm91z4.cloudfront.net/user_3FtauoFfi4aiT2rOZozLFkzeELN/hf_20261003_215739_4093b116-2347-4331-876c-3718b83ca70a.mp3
112	https://d8j0ntlcm91z4.cloudfront.net/user_3FtauoFfi4aiT2rOZozLFkzeELN/hf_20261003_215739_01123a97-f615-44fe-87da-dfcb84ecdb51.mp3
108	https://d8j0ntlcm91z4.cloudfront.net/user_3FtauoFfi4aiT2rOZozLFkzeELN/hf_20261003_215754_3be94e83-74c7-4012-96a0-da8c441b9edb.mp3
111	https://d8j0ntlcm91z4.cloudfront.net/user_3FtauoFfi4aiT2rOZozLFkzeELN/hf_20261003_215754_96caef27-62fa-45d9-9ac8-3e4fe83d9b6b.mp3
113	https://d8j0ntlcm91z4.cloudfront.net/user_3FtauoFfi4aiT2rOZozLFkzeELN/hf_20261003_215754_eb758d01-fe86-4270-b7e6-eafd7a3c9162.mp3
114	https://d8j0ntlcm91z4.cloudfront.net/user_3FtauoFfi4aiT2rOZozLFkzeELN/hf_20261003_215754_521fdc70-9c3b-4786-8e5c-bdd0a7361673.mp3
116	https://d8j0ntlcm91z4.cloudfront.net/user_3FtauoFfi4aiT2rOZozLFkzeELN/hf_20261003_215816_e6248022-7c20-43da-a0a3-3e56db26de6c.mp3
117	https://d8j0ntlcm91z4.cloudfront.net/user_3FtauoFfi4aiT2rOZozLFkzeELN/hf_20261003_215816_37be3be3-5a17-4b5b-ad34-ec7b9528b080.mp3
118	https://d8j0ntlcm91z4.cloudfront.net/user_3FtauoFfi4aiT2rOZozLFkzeELN/hf_20261003_215816_cb5a26e1-ee3e-4fd5-85bc-e3f8400afa52.mp3
115	https://d8j0ntlcm91z4.cloudfront.net/user_3FtauoFfi4aiT2rOZozLFkzeELN/hf_20261003_215830_ea28b0d2-55c5-401f-b505-427957095e1e.mp3
119	https://d8j0ntlcm91z4.cloudfront.net/user_3FtauoFfi4aiT2rOZozLFkzeELN/hf_20261003_215830_9cb830c9-8dda-49bb-b4c4-443b94c9d251.mp3
120	https://d8j0ntlcm91z4.cloudfront.net/user_3FtauoFfi4aiT2rOZozLFkzeELN/hf_20261003_215830_eecbcc57-df56-4a32-853b-77c2065e7efe.mp3
121	https://d8j0ntlcm91z4.cloudfront.net/user_3FtauoFfi4aiT2rOZozLFkzeELN/hf_20261003_215845_f88b6d07-bfa2-4be2-ad75-50eef14d3d8c.mp3
122	https://d8j0ntlcm91z4.cloudfront.net/user_3FtauoFfi4aiT2rOZozLFkzeELN/hf_20261003_215844_fb97089d-40ce-4b9f-9bc0-689ff5584a8f.mp3
123	https://d8j0ntlcm91z4.cloudfront.net/user_3FtauoFfi4aiT2rOZozLFkzeELN/hf_20261003_215844_0e1aa3a3-e205-4b46-9704-8ebf081f3dd5.mp3
124	https://d8j0ntlcm91z4.cloudfront.net/user_3FtauoFfi4aiT2rOZozLFkzeELN/hf_20261003_215844_5d8a5b69-3366-4890-81b5-a56220d94319.mp3
125	https://d8j0ntlcm91z4.cloudfront.net/user_3FtauoFfi4aiT2rOZozLFkzeELN/hf_20261003_215900_79fd695b-b735-4489-88b9-b64fc6d4bf33.mp3
126	https://d8j0ntlcm91z4.cloudfront.net/user_3FtauoFfi4aiT2rOZozLFkzeELN/hf_20261003_215900_54aafa8e-3392-4d5f-92c6-d0d3be974f55.mp3
127	https://d8j0ntlcm91z4.cloudfront.net/user_3FtauoFfi4aiT2rOZozLFkzeELN/hf_20261003_215900_eb309275-0647-4f4f-ae99-760770c49761.mp3
128	https://d8j0ntlcm91z4.cloudfront.net/user_3FtauoFfi4aiT2rOZozLFkzeELN/hf_20261003_215900_18337e02-2d35-463c-b70f-9eddfbb78567.mp3
129	https://d8j0ntlcm91z4.cloudfront.net/user_3FtauoFfi4aiT2rOZozLFkzeELN/hf_20261003_215916_ee925d44-00f3-497e-b643-67a0458a43a5.mp3
130	https://d8j0ntlcm91z4.cloudfront.net/user_3FtauoFfi4aiT2rOZozLFkzeELN/hf_20261003_215917_0e895963-c3da-4fe7-9d85-3019da88f872.mp3
131	https://d8j0ntlcm91z4.cloudfront.net/user_3FtauoFfi4aiT2rOZozLFkzeELN/hf_20261003_215917_bfcf4767-e57a-4271-a266-ec7479c6ca91.mp3
132	https://d8j0ntlcm91z4.cloudfront.net/user_3FtauoFfi4aiT2rOZozLFkzeELN/hf_20261003_215916_5d120151-4b00-4d5c-bd2e-3c131d99c7a6.mp3
133	https://d8j0ntlcm91z4.cloudfront.net/user_3FtauoFfi4aiT2rOZozLFkzeELN/hf_20261003_215931_a9d4d2d1-a1ee-4661-82fd-95a17af83300.mp3
134	https://d8j0ntlcm91z4.cloudfront.net/user_3FtauoFfi4aiT2rOZozLFkzeELN/hf_20261003_215931_0bc6fc11-9293-478c-8671-f6f7d97ea8b2.mp3
135	https://d8j0ntlcm91z4.cloudfront.net/user_3FtauoFfi4aiT2rOZozLFkzeELN/hf_20261003_215931_3cb79369-ffed-4712-837e-b24f775ac6fb.mp3
136	https://d8j0ntlcm91z4.cloudfront.net/user_3FtauoFfi4aiT2rOZozLFkzeELN/hf_20261003_215931_029fd569-a784-469e-bf52-d92141c98e3f.mp3
137	https://d8j0ntlcm91z4.cloudfront.net/user_3FtauoFfi4aiT2rOZozLFkzeELN/hf_20261003_215948_7eb59971-cede-4851-8f73-5080e85668fe.mp3
138	https://d8j0ntlcm91z4.cloudfront.net/user_3FtauoFfi4aiT2rOZozLFkzeELN/hf_20261003_215948_1daf5a56-db6f-43f1-be37-11e938cd71a2.mp3
139	https://d8j0ntlcm91z4.cloudfront.net/user_3FtauoFfi4aiT2rOZozLFkzeELN/hf_20261003_215948_5fb95350-d696-49a8-83b7-46aa5a4b5f9d.mp3
140	https://d8j0ntlcm91z4.cloudfront.net/user_3FtauoFfi4aiT2rOZozLFkzeELN/hf_20261003_215948_3e2ec0d8-3817-47f6-ad74-2e94bf506629.mp3
141	https://d8j0ntlcm91z4.cloudfront.net/user_3FtauoFfi4aiT2rOZozLFkzeELN/hf_20261003_220004_cd78d16a-788a-46ad-af23-de530a99de6b.mp3
142	https://d8j0ntlcm91z4.cloudfront.net/user_3FtauoFfi4aiT2rOZozLFkzeELN/hf_20261003_220004_e797b721-0076-4871-8692-7d40a32f3f9c.mp3
143	https://d8j0ntlcm91z4.cloudfront.net/user_3FtauoFfi4aiT2rOZozLFkzeELN/hf_20261003_220004_ebfbfa3d-d110-4b84-96bf-c78c0746d306.mp3
144	https://d8j0ntlcm91z4.cloudfront.net/user_3FtauoFfi4aiT2rOZozLFkzeELN/hf_20261003_220004_5b27409a-3b6e-4b2e-8711-3855b2e097de.mp3
145	https://d8j0ntlcm91z4.cloudfront.net/user_3FtauoFfi4aiT2rOZozLFkzeELN/hf_20261003_220019_73bda617-676d-485f-b6ec-1814213b3d64.mp3
146	https://d8j0ntlcm91z4.cloudfront.net/user_3FtauoFfi4aiT2rOZozLFkzeELN/hf_20261003_220019_6d664de0-d5f7-4a4b-85d7-e95299b4f423.mp3
147	https://d8j0ntlcm91z4.cloudfront.net/user_3FtauoFfi4aiT2rOZozLFkzeELN/hf_20261003_220019_7de6550e-2a14-46bb-bee3-e1515a670266.mp3
148	https://d8j0ntlcm91z4.cloudfront.net/user_3FtauoFfi4aiT2rOZozLFkzeELN/hf_20261003_220019_a896be86-95a3-4299-8efb-5c5d29217227.mp3
149	https://d8j0ntlcm91z4.cloudfront.net/user_3FtauoFfi4aiT2rOZozLFkzeELN/hf_20261003_220035_c8ab69cb-168a-4657-ad8e-b74ea14af620.mp3
150	https://d8j0ntlcm91z4.cloudfront.net/user_3FtauoFfi4aiT2rOZozLFkzeELN/hf_20261003_220035_612b9d40-5274-4501-903c-c16c73321445.mp3
151	https://d8j0ntlcm91z4.cloudfront.net/user_3FtauoFfi4aiT2rOZozLFkzeELN/hf_20261003_220035_a1e40c66-0954-470d-92b8-8a491dbe4330.mp3
152	https://d8j0ntlcm91z4.cloudfront.net/user_3FtauoFfi4aiT2rOZozLFkzeELN/hf_20261003_220056_58fa0d58-e248-4e80-9735-ca652fe190a8.mp3
154	https://d8j0ntlcm91z4.cloudfront.net/user_3FtauoFfi4aiT2rOZozLFkzeELN/hf_20261003_220056_5bee2a29-8793-43f4-aec8-cacbd26b1e0f.mp3
155	https://d8j0ntlcm91z4.cloudfront.net/user_3FtauoFfi4aiT2rOZozLFkzeELN/hf_20261003_220056_9479583f-095c-4d63-acf0-3f109a33b9cd.mp3
153	https://d8j0ntlcm91z4.cloudfront.net/user_3FtauoFfi4aiT2rOZozLFkzeELN/hf_20261003_220106_018baa8e-9f0d-465c-815b-73e5b979fbdc.mp3
