3	https://d8j0ntlcm91z4.cloudfront.net/user_3FtauoFfi4aiT2rOZozLFkzeELN/hf_20261003_220410_8386afab-cc84-444a-b0d5-0cd4ff802d70.png
4	https://d8j0ntlcm91z4.cloudfront.net/user_3FtauoFfi4aiT2rOZozLFkzeELN/hf_20261003_220411_5838185d-715e-4158-952b-54a159c35c73.png
1	https://d8j0ntlcm91z4.cloudfront.net/user_3FtauoFfi4aiT2rOZozLFkzeELN/hf_20261003_220411_c0e5719e-2b51-43cf-a708-3b76e918d831.png
2	https://d8j0ntlcm91z4.cloudfront.net/user_3FtauoFfi4aiT2rOZozLFkzeELN/hf_20261003_220410_666d2d15-44da-4fe9-9d32-fcbccf08cbe0.png
5	https://d8j0ntlcm91z4.cloudfront.net/user_3FtauoFfi4aiT2rOZozLFkzeELN/hf_20261003_220442_cb75e957-f4f1-483e-ad91-a04e20b0bbd3.png
6	https://d8j0ntlcm91z4.cloudfront.net/user_3FtauoFfi4aiT2rOZozLFkzeELN/hf_20261003_220442_36489f9f-b62e-4941-bbe2-bd7fff2e2f66.png
7	https://d8j0ntlcm91z4.cloudfront.net/user_3FtauoFfi4aiT2rOZozLFkzeELN/hf_20261003_220512_948255b1-863f-4b0c-9a1c-6d3a6c0d8031.png
8	https://d8j0ntlcm91z4.cloudfront.net/user_3FtauoFfi4aiT2rOZozLFkzeELN/hf_20261003_220512_31ad466b-3011-43ae-a951-11eee15beaf6.png
9	https://d8j0ntlcm91z4.cloudfront.net/user_3FtauoFfi4aiT2rOZozLFkzeELN/hf_20261003_220513_ba210bbd-8046-453d-9715-6fc2c7a58cdb.png
10	https://d8j0ntlcm91z4.cloudfront.net/user_3FtauoFfi4aiT2rOZozLFkzeELN/hf_20261003_220513_d67378b3-465d-483d-8486-7b9b5a2b54d4.png
11	https://d8j0ntlcm91z4.cloudfront.net/user_3FtauoFfi4aiT2rOZozLFkzeELN/hf_20261003_220546_005d86b1-a8f1-4df6-b916-7ad44abe0d42.png
12	https://d8j0ntlcm91z4.cloudfront.net/user_3FtauoFfi4aiT2rOZozLFkzeELN/hf_20261003_220547_2bcb2765-34e8-4deb-aed7-5ee79c803058.png
13	https://d8j0ntlcm91z4.cloudfront.net/user_3FtauoFfi4aiT2rOZozLFkzeELN/hf_20261003_220546_8ec201d2-48e7-45d2-b600-d06cab1c4f9e.png
14	https://d8j0ntlcm91z4.cloudfront.net/user_3FtauoFfi4aiT2rOZozLFkzeELN/hf_20261003_220547_1112fa17-143f-4a62-90b9-a9c426b1c928.png
15	https://d8j0ntlcm91z4.cloudfront.net/user_3FtauoFfi4aiT2rOZozLFkzeELN/hf_20261003_220619_c13adec7-f8bc-4398-bd84-cc0a81df51d1.png
16	https://d8j0ntlcm91z4.cloudfront.net/user_3FtauoFfi4aiT2rOZozLFkzeELN/hf_20261003_220619_96cd8cf9-d6d9-4595-b150-f3cbba13295d.png
17	https://d8j0ntlcm91z4.cloudfront.net/user_3FtauoFfi4aiT2rOZozLFkzeELN/hf_20261003_220619_48d9ab74-d7a0-4fd0-b53b-a43fc90fa73a.png
18	https://d8j0ntlcm91z4.cloudfront.net/user_3FtauoFfi4aiT2rOZozLFkzeELN/hf_20261003_220706_b7c30521-d328-4b88-abc6-308bc73bbf7b.png
19	https://d8j0ntlcm91z4.cloudfront.net/user_3FtauoFfi4aiT2rOZozLFkzeELN/hf_20261003_220705_43d55092-cc23-4bda-a105-224a19b4a26c.png
20	https://d8j0ntlcm91z4.cloudfront.net/user_3FtauoFfi4aiT2rOZozLFkzeELN/hf_20261003_220705_6eb9c529-75f9-48ca-b354-d0c7b7021487.png
21	https://d8j0ntlcm91z4.cloudfront.net/user_3FtauoFfi4aiT2rOZozLFkzeELN/hf_20261003_220706_f2a93b2a-5fd4-40eb-94ad-63fea0200a72.png
22	https://d8j0ntlcm91z4.cloudfront.net/user_3FtauoFfi4aiT2rOZozLFkzeELN/hf_20261003_220733_41792576-2109-4561-a276-b9f2313b67a4.png
23	https://d8j0ntlcm91z4.cloudfront.net/user_3FtauoFfi4aiT2rOZozLFkzeELN/hf_20261003_220734_bae81ce0-9a8d-468b-92cb-447f8aa37990.png
24	https://d8j0ntlcm91z4.cloudfront.net/user_3FtauoFfi4aiT2rOZozLFkzeELN/hf_20261003_220734_d5b0b401-d230-4faf-bc82-b923bdb1e214.png
25	https://d8j0ntlcm91z4.cloudfront.net/user_3FtauoFfi4aiT2rOZozLFkzeELN/hf_20261003_220733_5855f622-dec5-4e16-a833-a1433a7e8809.png
27	https://d8j0ntlcm91z4.cloudfront.net/user_3FtauoFfi4aiT2rOZozLFkzeELN/hf_20261003_220803_32303ce2-c059-46d5-8d3c-77921fdc24be.png
28	https://d8j0ntlcm91z4.cloudfront.net/user_3FtauoFfi4aiT2rOZozLFkzeELN/hf_20261003_220804_7bde24ff-f24f-402b-986b-33f651c6c95d.png
29	https://d8j0ntlcm91z4.cloudfront.net/user_3FtauoFfi4aiT2rOZozLFkzeELN/hf_20261003_220804_ecf903b1-6afd-4a22-be0f-ebe22991aed2.png
26	https://d8j0ntlcm91z4.cloudfront.net/user_3FtauoFfi4aiT2rOZozLFkzeELN/hf_20261003_220804_8fc7bc07-e026-4fe6-bfd2-2de0015f77ee.png
30	https://d8j0ntlcm91z4.cloudfront.net/user_3FtauoFfi4aiT2rOZozLFkzeELN/hf_20261003_220844_363945be-fe75-4b15-b917-ee160137ad37.png
31	https://d8j0ntlcm91z4.cloudfront.net/user_3FtauoFfi4aiT2rOZozLFkzeELN/hf_20261003_220845_78b323b9-9604-4610-82a6-da294bef3283.png
32	https://d8j0ntlcm91z4.cloudfront.net/user_3FtauoFfi4aiT2rOZozLFkzeELN/hf_20261003_220845_35d6bc6c-cc24-414a-8cb3-aec917ad227f.png
33	https://d8j0ntlcm91z4.cloudfront.net/user_3FtauoFfi4aiT2rOZozLFkzeELN/hf_20261003_220915_e6fc1354-6b26-46bd-b8c8-d9263114e069.png
34	https://d8j0ntlcm91z4.cloudfront.net/user_3FtauoFfi4aiT2rOZozLFkzeELN/hf_20261003_220914_9e9b40c9-a25a-4f60-8f9d-0f067ea3e955.png
35	https://d8j0ntlcm91z4.cloudfront.net/user_3FtauoFfi4aiT2rOZozLFkzeELN/hf_20261003_220914_14960516-9948-4b67-b01c-64e31e8be88c.png
36	https://d8j0ntlcm91z4.cloudfront.net/user_3FtauoFfi4aiT2rOZozLFkzeELN/hf_20261003_220915_08479202-8a5d-461d-89e6-257d586d5be6.png
37	https://d8j0ntlcm91z4.cloudfront.net/user_3FtauoFfi4aiT2rOZozLFkzeELN/hf_20261003_220948_1b81ab08-aba0-4a74-9ff3-61f8aba6f152.png
38	https://d8j0ntlcm91z4.cloudfront.net/user_3FtauoFfi4aiT2rOZozLFkzeELN/hf_20261003_220947_4662a877-ea1b-49ea-be89-4b25723226e4.png
39	https://d8j0ntlcm91z4.cloudfront.net/user_3FtauoFfi4aiT2rOZozLFkzeELN/hf_20261003_220947_120697b4-9696-4501-a229-1319fe6d3b4e.png
40	https://d8j0ntlcm91z4.cloudfront.net/user_3FtauoFfi4aiT2rOZozLFkzeELN/hf_20261003_221019_328fdc5d-03ea-4ad4-ba95-9e60b736c8c0.png
41	https://d8j0ntlcm91z4.cloudfront.net/user_3FtauoFfi4aiT2rOZozLFkzeELN/hf_20261003_221018_4fcabaf0-c388-4864-bf07-380931351385.png
42	https://d8j0ntlcm91z4.cloudfront.net/user_3FtauoFfi4aiT2rOZozLFkzeELN/hf_20261003_221018_7260acd9-0ab3-4ebe-91f0-e0c21d80e16f.png
43	https://d8j0ntlcm91z4.cloudfront.net/user_3FtauoFfi4aiT2rOZozLFkzeELN/hf_20261003_221018_c4527d85-652f-4a0e-a505-a30220cbb516.png
44	https://d8j0ntlcm91z4.cloudfront.net/user_3FtauoFfi4aiT2rOZozLFkzeELN/hf_20261003_221055_04028822-fe70-4099-a431-00aede1e6732.png
45	https://d8j0ntlcm91z4.cloudfront.net/user_3FtauoFfi4aiT2rOZozLFkzeELN/hf_20261003_221054_accd3454-2b5e-4d33-98d4-fb6d7411119e.png
46	https://d8j0ntlcm91z4.cloudfront.net/user_3FtauoFfi4aiT2rOZozLFkzeELN/hf_20261003_221055_b4142ff9-90fa-46e4-9ebf-6fd512c296b7.png
47	https://d8j0ntlcm91z4.cloudfront.net/user_3FtauoFfi4aiT2rOZozLFkzeELN/hf_20261003_221055_b5c65660-756a-41b7-af3f-d6de0017910f.png
48	https://d8j0ntlcm91z4.cloudfront.net/user_3FtauoFfi4aiT2rOZozLFkzeELN/hf_20261003_221130_46a3e643-758e-4a84-ade1-b00b0f15ea7a.png
49	https://d8j0ntlcm91z4.cloudfront.net/user_3FtauoFfi4aiT2rOZozLFkzeELN/hf_20261003_221130_2e134f75-9957-4e5f-92cb-39f77f63b750.png
50	https://d8j0ntlcm91z4.cloudfront.net/user_3FtauoFfi4aiT2rOZozLFkzeELN/hf_20261003_221131_eb8508ea-4eee-4cd9-ba61-b39090698ad5.png
51	https://d8j0ntlcm91z4.cloudfront.net/user_3FtauoFfi4aiT2rOZozLFkzeELN/hf_20261003_221131_37612f4d-d2b1-4e8d-93fb-2a1be9eb7641.png
52	https://d8j0ntlcm91z4.cloudfront.net/user_3FtauoFfi4aiT2rOZozLFkzeELN/hf_20261003_221206_df4321c9-ebcb-4f21-bbf7-b8a3ee142aeb.png
53	https://d8j0ntlcm91z4.cloudfront.net/user_3FtauoFfi4aiT2rOZozLFkzeELN/hf_20261003_221206_4f7eef8d-674c-48dc-b669-d7ea24efcb8a.png
54	https://d8j0ntlcm91z4.cloudfront.net/user_3FtauoFfi4aiT2rOZozLFkzeELN/hf_20261003_221205_6ea0ec63-89f3-4d1a-859d-271c0fbdc9a9.png
55	https://d8j0ntlcm91z4.cloudfront.net/user_3FtauoFfi4aiT2rOZozLFkzeELN/hf_20261003_221205_acf13d9f-40dd-4976-9cb1-e9a2b92de6ef.png
56	https://d8j0ntlcm91z4.cloudfront.net/user_3FtauoFfi4aiT2rOZozLFkzeELN/hf_20261003_221247_d3a7097d-6053-4a2d-8fc8-368fa638e608.png
58	https://d8j0ntlcm91z4.cloudfront.net/user_3FtauoFfi4aiT2rOZozLFkzeELN/hf_20261003_221246_d9813f76-358d-47ae-84f5-5ee29f76bf0f.png
57	https://d8j0ntlcm91z4.cloudfront.net/user_3FtauoFfi4aiT2rOZozLFkzeELN/hf_20261003_221246_ae42f022-662e-4e1c-8415-61c34ef08ec1.png
59	https://d8j0ntlcm91z4.cloudfront.net/user_3FtauoFfi4aiT2rOZozLFkzeELN/hf_20261003_221246_21bc8ed6-5817-40b9-8c9e-83465ab3eb35.png
60	https://d8j0ntlcm91z4.cloudfront.net/user_3FtauoFfi4aiT2rOZozLFkzeELN/hf_20261003_221317_8e1d70bc-4f86-4d3b-82fd-e72b5248c81c.png
61	https://d8j0ntlcm91z4.cloudfront.net/user_3FtauoFfi4aiT2rOZozLFkzeELN/hf_20261003_221317_45752fc5-f755-4c93-aff5-18a4df152785.png
62	https://d8j0ntlcm91z4.cloudfront.net/user_3FtauoFfi4aiT2rOZozLFkzeELN/hf_20261003_221351_e86f26c6-8363-479c-ae36-f8bc716695a6.png
63	https://d8j0ntlcm91z4.cloudfront.net/user_3FtauoFfi4aiT2rOZozLFkzeELN/hf_20261003_221350_956b8772-6c93-49c7-a8ad-9858655c0816.png
65	https://d8j0ntlcm91z4.cloudfront.net/user_3FtauoFfi4aiT2rOZozLFkzeELN/hf_20261003_221350_a325ed97-93a4-4137-a91c-56fd38a5b340.png
64	https://d8j0ntlcm91z4.cloudfront.net/user_3FtauoFfi4aiT2rOZozLFkzeELN/hf_20261003_221351_d8de1760-f2f8-4a13-8418-a3eb2d0b5db2.png
66	https://d8j0ntlcm91z4.cloudfront.net/user_3FtauoFfi4aiT2rOZozLFkzeELN/hf_20261003_221423_d08c34fe-cb9b-4036-b7be-bca546e63d28.png
68	https://d8j0ntlcm91z4.cloudfront.net/user_3FtauoFfi4aiT2rOZozLFkzeELN/hf_20261003_221423_59daeee4-b6a4-4553-a3ee-7943637e5071.png
67	https://d8j0ntlcm91z4.cloudfront.net/user_3FtauoFfi4aiT2rOZozLFkzeELN/hf_20261003_221423_0da51bd0-6f13-4c0e-9c3e-126fc0ae259b.png
69	https://d8j0ntlcm91z4.cloudfront.net/user_3FtauoFfi4aiT2rOZozLFkzeELN/hf_20261003_221454_5625ec47-b109-4893-b14f-2a1b75863942.png
70	https://d8j0ntlcm91z4.cloudfront.net/user_3FtauoFfi4aiT2rOZozLFkzeELN/hf_20261003_221455_d5439976-f30a-4f7c-a6fe-615bf7f4c0ca.png
71	https://d8j0ntlcm91z4.cloudfront.net/user_3FtauoFfi4aiT2rOZozLFkzeELN/hf_20261003_221454_cec97207-eef4-4206-b75e-f4841efedf3d.png
72	https://d8j0ntlcm91z4.cloudfront.net/user_3FtauoFfi4aiT2rOZozLFkzeELN/hf_20261003_221524_112e0241-11d7-4fe2-bf79-daecb5386b67.png
73	https://d8j0ntlcm91z4.cloudfront.net/user_3FtauoFfi4aiT2rOZozLFkzeELN/hf_20261003_221524_1c0ee285-3bcc-46fb-85e3-fed50be9a58d.png
74	https://d8j0ntlcm91z4.cloudfront.net/user_3FtauoFfi4aiT2rOZozLFkzeELN/hf_20261003_221524_99ccff0e-25fc-4441-8957-d3c870304413.png
75	https://d8j0ntlcm91z4.cloudfront.net/user_3FtauoFfi4aiT2rOZozLFkzeELN/hf_20261003_221525_227fa431-04c6-451a-82f2-e694795b0ed7.png
76	https://d8j0ntlcm91z4.cloudfront.net/user_3FtauoFfi4aiT2rOZozLFkzeELN/hf_20261003_221556_ab0420b5-10f8-4251-a0a5-13f2aee22a13.png
77	https://d8j0ntlcm91z4.cloudfront.net/user_3FtauoFfi4aiT2rOZozLFkzeELN/hf_20261003_221557_24147da0-b093-4ce2-a00f-e8bea23cc0f8.png
79	https://d8j0ntlcm91z4.cloudfront.net/user_3FtauoFfi4aiT2rOZozLFkzeELN/hf_20261003_221557_4cef005d-1755-429f-817d-624a443d1d3f.png
78	https://d8j0ntlcm91z4.cloudfront.net/user_3FtauoFfi4aiT2rOZozLFkzeELN/hf_20261003_221556_d9ef3970-0753-4335-85fd-6d96ffff5467.png
82	https://d8j0ntlcm91z4.cloudfront.net/user_3FtauoFfi4aiT2rOZozLFkzeELN/hf_20261003_221630_c5353a78-5e08-4319-85fa-6fab2dda3378.png
80	https://d8j0ntlcm91z4.cloudfront.net/user_3FtauoFfi4aiT2rOZozLFkzeELN/hf_20261003_221629_e425fcd1-5f47-45e0-9679-dcecb1757110.png
81	https://d8j0ntlcm91z4.cloudfront.net/user_3FtauoFfi4aiT2rOZozLFkzeELN/hf_20261003_221630_e300c6a2-5cff-4f05-b479-cf24f4e27e37.png
83	https://d8j0ntlcm91z4.cloudfront.net/user_3FtauoFfi4aiT2rOZozLFkzeELN/hf_20261003_221702_049c645f-e8e4-48f6-a768-a1662a77915b.png
84	https://d8j0ntlcm91z4.cloudfront.net/user_3FtauoFfi4aiT2rOZozLFkzeELN/hf_20261003_221702_3f6df2d0-c40d-4373-b1b4-5e07d28e8f2a.png
85	https://d8j0ntlcm91z4.cloudfront.net/user_3FtauoFfi4aiT2rOZozLFkzeELN/hf_20261003_221733_30ffe43f-1ce0-4359-9297-b17776e146ec.png
86	https://d8j0ntlcm91z4.cloudfront.net/user_3FtauoFfi4aiT2rOZozLFkzeELN/hf_20261003_221733_bfd27512-cfc0-473a-88ba-47b045d885c2.png
87	https://d8j0ntlcm91z4.cloudfront.net/user_3FtauoFfi4aiT2rOZozLFkzeELN/hf_20261003_221733_6a4f1dd5-c13c-4323-9e11-4f9a8f4d804e.png
88	https://d8j0ntlcm91z4.cloudfront.net/user_3FtauoFfi4aiT2rOZozLFkzeELN/hf_20261003_221734_4d33fbf0-0681-40b7-bdcc-4a0edd8fc4d0.png
90	https://d8j0ntlcm91z4.cloudfront.net/user_3FtauoFfi4aiT2rOZozLFkzeELN/hf_20261003_221816_7c8bc825-5d82-4cf5-b34c-74911f9d9eec.png
91	https://d8j0ntlcm91z4.cloudfront.net/user_3FtauoFfi4aiT2rOZozLFkzeELN/hf_20261003_221816_7aa9c8b7-055a-489e-9d62-781ed8fd3787.png
89	https://d8j0ntlcm91z4.cloudfront.net/user_3FtauoFfi4aiT2rOZozLFkzeELN/hf_20261003_221816_93348007-da64-4dd9-8ac9-033046a3ba05.png
93	https://d8j0ntlcm91z4.cloudfront.net/user_3FtauoFfi4aiT2rOZozLFkzeELN/hf_20261003_221849_c71e11b2-01a5-4d6a-a832-d5ffc655e26a.png
94	https://d8j0ntlcm91z4.cloudfront.net/user_3FtauoFfi4aiT2rOZozLFkzeELN/hf_20261003_221848_4477d97e-46c4-45da-8629-c95a655e89b8.png
92	https://d8j0ntlcm91z4.cloudfront.net/user_3FtauoFfi4aiT2rOZozLFkzeELN/hf_20261003_221849_3b70d0da-6486-4fd6-a732-54b370381be1.png
95	https://d8j0ntlcm91z4.cloudfront.net/user_3FtauoFfi4aiT2rOZozLFkzeELN/hf_20261003_221922_d8e9e35c-1786-4430-8c90-570d73391243.png
96	https://d8j0ntlcm91z4.cloudfront.net/user_3FtauoFfi4aiT2rOZozLFkzeELN/hf_20261003_221923_e4723252-6dc6-405f-8d68-07830f585d4f.png
97	https://d8j0ntlcm91z4.cloudfront.net/user_3FtauoFfi4aiT2rOZozLFkzeELN/hf_20261003_221923_e6dd1985-2642-43fd-9c25-53aff082fc56.png
98	https://d8j0ntlcm91z4.cloudfront.net/user_3FtauoFfi4aiT2rOZozLFkzeELN/hf_20261003_221949_d1ee58aa-ae6b-403a-85f4-2db6017c2307.png
99	https://d8j0ntlcm91z4.cloudfront.net/user_3FtauoFfi4aiT2rOZozLFkzeELN/hf_20261003_221949_b4457a29-0c76-4570-b2b7-5df1f1d03b4b.png
100	https://d8j0ntlcm91z4.cloudfront.net/user_3FtauoFfi4aiT2rOZozLFkzeELN/hf_20261003_221949_a8c26a3a-97ef-4959-9ff4-2b1e77b53670.png
101	https://d8j0ntlcm91z4.cloudfront.net/user_3FtauoFfi4aiT2rOZozLFkzeELN/hf_20261003_221948_ad40a0ac-f026-411d-856d-2c153f98f05a.png
102	https://d8j0ntlcm91z4.cloudfront.net/user_3FtauoFfi4aiT2rOZozLFkzeELN/hf_20261003_222032_2740581c-d3c8-4d54-8337-98aedd6c7419.png
103	https://d8j0ntlcm91z4.cloudfront.net/user_3FtauoFfi4aiT2rOZozLFkzeELN/hf_20261003_222031_93cb7e82-f8c5-48a3-a1c1-d4c5b728f6d0.png
104	https://d8j0ntlcm91z4.cloudfront.net/user_3FtauoFfi4aiT2rOZozLFkzeELN/hf_20261003_222032_6dcdb362-0b76-43f0-8119-901d62e12fb1.png
105	https://d8j0ntlcm91z4.cloudfront.net/user_3FtauoFfi4aiT2rOZozLFkzeELN/hf_20261003_222031_4f3d77d8-f178-40e4-935a-8991bd5a8060.png
106	https://d8j0ntlcm91z4.cloudfront.net/user_3FtauoFfi4aiT2rOZozLFkzeELN/hf_20261003_222104_4e28fc78-937c-4c5f-adc4-e32046d95430.png
109	https://d8j0ntlcm91z4.cloudfront.net/user_3FtauoFfi4aiT2rOZozLFkzeELN/hf_20261003_222103_f7a5e01b-0b13-4b21-b431-40ad84cbe079.png
107	https://d8j0ntlcm91z4.cloudfront.net/user_3FtauoFfi4aiT2rOZozLFkzeELN/hf_20261003_222104_ee078b88-31a6-47e0-bb84-56dba576e927.png
108	https://d8j0ntlcm91z4.cloudfront.net/user_3FtauoFfi4aiT2rOZozLFkzeELN/hf_20261003_222103_b21d5e5a-664e-419d-9991-9ea01ff76a08.png
110	https://d8j0ntlcm91z4.cloudfront.net/user_3FtauoFfi4aiT2rOZozLFkzeELN/hf_20261003_222134_366a6080-4885-45cd-bdc7-f34af9441188.png
111	https://d8j0ntlcm91z4.cloudfront.net/user_3FtauoFfi4aiT2rOZozLFkzeELN/hf_20261003_222134_71cc86e1-f2da-494d-a9fb-8f2eb989450b.png
112	https://d8j0ntlcm91z4.cloudfront.net/user_3FtauoFfi4aiT2rOZozLFkzeELN/hf_20261003_222205_cb495e0f-4c60-41f0-80e1-c06b2bd76a0a.png
113	https://d8j0ntlcm91z4.cloudfront.net/user_3FtauoFfi4aiT2rOZozLFkzeELN/hf_20261003_222204_1973fc1f-3232-40c6-a3eb-e17e0ea3e7ce.png
114	https://d8j0ntlcm91z4.cloudfront.net/user_3FtauoFfi4aiT2rOZozLFkzeELN/hf_20261003_222204_b4fd28b6-f639-45f4-a0e5-b84477d75c2d.png
115	https://d8j0ntlcm91z4.cloudfront.net/user_3FtauoFfi4aiT2rOZozLFkzeELN/hf_20261003_222204_339d00fb-f553-44ec-abcd-5e6a40fe4692.png
116	https://d8j0ntlcm91z4.cloudfront.net/user_3FtauoFfi4aiT2rOZozLFkzeELN/hf_20261003_222238_2022f1e8-c6f4-417d-95c9-5f84094dc8fa.png
117	https://d8j0ntlcm91z4.cloudfront.net/user_3FtauoFfi4aiT2rOZozLFkzeELN/hf_20261003_222238_f15a1381-2d45-4506-97d6-7d4849e68478.png
118	https://d8j0ntlcm91z4.cloudfront.net/user_3FtauoFfi4aiT2rOZozLFkzeELN/hf_20261003_222238_e119890c-c04f-4e5e-a6bc-6848864b5c9d.png
119	https://d8j0ntlcm91z4.cloudfront.net/user_3FtauoFfi4aiT2rOZozLFkzeELN/hf_20261003_222239_81432ce0-329c-4077-b136-45dbe8733662.png
120	https://d8j0ntlcm91z4.cloudfront.net/user_3FtauoFfi4aiT2rOZozLFkzeELN/hf_20261003_222310_4523d179-e01a-4f99-9c84-d67066b8adcd.png
121	https://d8j0ntlcm91z4.cloudfront.net/user_3FtauoFfi4aiT2rOZozLFkzeELN/hf_20261003_222309_5726ea48-6e4b-424b-920d-dbaf8b331810.png
122	https://d8j0ntlcm91z4.cloudfront.net/user_3FtauoFfi4aiT2rOZozLFkzeELN/hf_20261003_222310_6ad1f449-d95b-4fc0-8c68-6d2fc96e10e6.png
123	https://d8j0ntlcm91z4.cloudfront.net/user_3FtauoFfi4aiT2rOZozLFkzeELN/hf_20261003_222310_2fd6da33-6920-47c7-996f-2ebee929f091.png
124	https://d8j0ntlcm91z4.cloudfront.net/user_3FtauoFfi4aiT2rOZozLFkzeELN/hf_20261003_222348_33643ea3-65f0-4f67-b2f7-86d336b00418.png
125	https://d8j0ntlcm91z4.cloudfront.net/user_3FtauoFfi4aiT2rOZozLFkzeELN/hf_20261003_222348_4e655170-33aa-4ea0-b5ae-76b15776a9e5.png
126	https://d8j0ntlcm91z4.cloudfront.net/user_3FtauoFfi4aiT2rOZozLFkzeELN/hf_20261003_222347_bc93d089-3efd-4dd4-a9a5-20f0a73b7636.png
127	https://d8j0ntlcm91z4.cloudfront.net/user_3FtauoFfi4aiT2rOZozLFkzeELN/hf_20261003_222348_7343fbdd-6ad8-48af-bc70-3e449ecfca4c.png
128	https://d8j0ntlcm91z4.cloudfront.net/user_3FtauoFfi4aiT2rOZozLFkzeELN/hf_20261003_222426_c37938fd-d6af-4881-a001-7fcf8c39ad72.png
129	https://d8j0ntlcm91z4.cloudfront.net/user_3FtauoFfi4aiT2rOZozLFkzeELN/hf_20261003_222426_2578b398-b23b-4533-9965-74d512ca9038.png
130	https://d8j0ntlcm91z4.cloudfront.net/user_3FtauoFfi4aiT2rOZozLFkzeELN/hf_20261003_222426_e69421bf-e5fe-4acd-977c-9f4b4d1e5570.png
131	https://d8j0ntlcm91z4.cloudfront.net/user_3FtauoFfi4aiT2rOZozLFkzeELN/hf_20261003_222425_58870b3a-6260-4bfd-a981-54d9b912261c.png
132	https://d8j0ntlcm91z4.cloudfront.net/user_3FtauoFfi4aiT2rOZozLFkzeELN/hf_20261003_222500_52fa5025-8902-4827-ade0-2e6a24c94449.png
133	https://d8j0ntlcm91z4.cloudfront.net/user_3FtauoFfi4aiT2rOZozLFkzeELN/hf_20261003_222459_428f5e23-2ef8-4933-8220-8db4de5073bc.png
134	https://d8j0ntlcm91z4.cloudfront.net/user_3FtauoFfi4aiT2rOZozLFkzeELN/hf_20261003_222459_55e98e3a-1453-436a-aeb4-5666af35f5a2.png
135	https://d8j0ntlcm91z4.cloudfront.net/user_3FtauoFfi4aiT2rOZozLFkzeELN/hf_20261003_222459_bde4777e-b777-4e53-8777-f270f5af2602.png
136	https://d8j0ntlcm91z4.cloudfront.net/user_3FtauoFfi4aiT2rOZozLFkzeELN/hf_20261003_222534_c91e2647-1fc8-44ff-9937-d4077c819755.png
137	https://d8j0ntlcm91z4.cloudfront.net/user_3FtauoFfi4aiT2rOZozLFkzeELN/hf_20261003_222534_d73975f3-08d2-4ab9-a8a9-8f0b471418f1.png
138	https://d8j0ntlcm91z4.cloudfront.net/user_3FtauoFfi4aiT2rOZozLFkzeELN/hf_20261003_222533_1e3a5bc8-f5bb-4ac1-b73e-d97fb0af0902.png
139	https://d8j0ntlcm91z4.cloudfront.net/user_3FtauoFfi4aiT2rOZozLFkzeELN/hf_20261003_222533_daa30c19-959a-47e2-b8e9-6570b749436d.png
141	https://d8j0ntlcm91z4.cloudfront.net/user_3FtauoFfi4aiT2rOZozLFkzeELN/hf_20261003_222607_2069365c-109f-43dc-8d9e-78891abd20d4.png
142	https://d8j0ntlcm91z4.cloudfront.net/user_3FtauoFfi4aiT2rOZozLFkzeELN/hf_20261003_222607_f456b9b8-af5b-462f-a20a-9404d3f0d19b.png
143	https://d8j0ntlcm91z4.cloudfront.net/user_3FtauoFfi4aiT2rOZozLFkzeELN/hf_20261003_222607_4eb9b1a5-4b6d-4bbb-9f32-7050452d7391.png
144	https://d8j0ntlcm91z4.cloudfront.net/user_3FtauoFfi4aiT2rOZozLFkzeELN/hf_20261003_222640_5e48d303-df62-4cb4-9324-4b941df56bc5.png
145	https://d8j0ntlcm91z4.cloudfront.net/user_3FtauoFfi4aiT2rOZozLFkzeELN/hf_20261003_222640_55640a28-c88b-4dac-bede-cd00d28ae17b.png
146	https://d8j0ntlcm91z4.cloudfront.net/user_3FtauoFfi4aiT2rOZozLFkzeELN/hf_20261003_222640_89834ed2-0832-499c-b070-87f70e95c2e2.png
147	https://d8j0ntlcm91z4.cloudfront.net/user_3FtauoFfi4aiT2rOZozLFkzeELN/hf_20261003_222714_2c8f2101-de88-415a-b5a4-686e081aea7d.png
148	https://d8j0ntlcm91z4.cloudfront.net/user_3FtauoFfi4aiT2rOZozLFkzeELN/hf_20261003_222714_373ce823-8dd7-42a8-81c5-ac34f5aad073.png
149	https://d8j0ntlcm91z4.cloudfront.net/user_3FtauoFfi4aiT2rOZozLFkzeELN/hf_20261003_222714_c5688832-cd67-4f9d-9f53-9c9a001f8ad1.png
140	https://d8j0ntlcm91z4.cloudfront.net/user_3FtauoFfi4aiT2rOZozLFkzeELN/hf_20261003_222748_0a73d5cf-12d4-4e8a-82b6-ddb12b8b4cf3.png
150	https://d8j0ntlcm91z4.cloudfront.net/user_3FtauoFfi4aiT2rOZozLFkzeELN/hf_20261003_222748_c10a5ba8-5dd9-4b50-8741-5c672d1e2110.png
151	https://d8j0ntlcm91z4.cloudfront.net/user_3FtauoFfi4aiT2rOZozLFkzeELN/hf_20261003_222748_b7ac9ee3-6301-48d7-9358-61e9090e5dfc.png
152	https://d8j0ntlcm91z4.cloudfront.net/user_3FtauoFfi4aiT2rOZozLFkzeELN/hf_20261003_222747_142a5ab5-da55-4b5c-a9e2-e9a2168c9858.png
153	https://d8j0ntlcm91z4.cloudfront.net/user_3FtauoFfi4aiT2rOZozLFkzeELN/hf_20261003_222820_bd6a5be5-e377-4954-b366-e9939eee6508.png
154	https://d8j0ntlcm91z4.cloudfront.net/user_3FtauoFfi4aiT2rOZozLFkzeELN/hf_20261003_222820_d0dae29d-784b-4882-b5e6-98abba109698.png
155	https://d8j0ntlcm91z4.cloudfront.net/user_3FtauoFfi4aiT2rOZozLFkzeELN/hf_20261003_222820_2249ee43-55d9-42c3-b047-342430eb064b.png
