1	HOOK	Your friend Jay slides his phone across the counter. The screen is shattered into a spiderweb.
2	HOOK	It's eleven months old. It cost him fourteen hundred dollars.
3	HOOK	"Can you get me a discount?" he asks. "You know the owner, right?"
4	HOOK	You smile and say you'll see what you can do.
5	HOOK	You are the owner. Of this shop. And thirteen others.
6	HOOK	And Jay has no idea, because for nine years he's been laughing at your phone.
7	HOOK	This one. Cracked corner. Nine years old.
8	HOOK	Here's how a cracked phone you refused to replace turned into fourteen repair shops, and the one decision in year seven that almost took all of it away.
9	YEAR ONE	Year one. You're twenty-two, and every one of your friends just upgraded.
10	YEAR ONE	Jay, Marco, Tasha. New phones, new cases, matching wireless earbuds.
11	YEAR ONE	They line up their phones on the table at dinner like trophies.
12	YEAR ONE	Yours has a crack running across the corner, and the battery dies by three in the afternoon.
13	YEAR ONE	"Bro, it's time," Jay says. "Treat yourself. You only live once."
14	YEAR ONE	That night you actually walk into the phone store.
15	YEAR ONE	The salesman is friendly. The new model is beautiful. The price tag is not.
16	YEAR ONE	Twelve hundred dollars. Or, as the salesman puts it, "only fifty a month."
17	YEAR ONE	On the drive home you do something nobody in your friend group has ever done.
18	YEAR ONE	You add it all up.
19	THE MATH	Fifty a month for the phone. Twelve a month for insurance. Fifteen for the case and screen protector you'll replace twice.
20	THE MATH	Then the plan upgrade, because the new phone comes with the premium plan.
21	THE MATH	It's almost a hundred and twenty dollars a month. Fourteen hundred a year.
22	THE MATH	And the worst part? Next year there's a new one. And they will all upgrade again.
23	THE MATH	It's not a phone. It's a subscription to feeling behind.
24	THE MATH	So you make a rule. You'll keep the phone you have until it truly dies.
25	THE MATH	And every month, the hundred and twenty dollars your friends spend on their phones goes into a separate account.
26	THE MATH	You name it "The Crack." As a joke. Mostly.
27	THE MATH	But a cracked phone has one problem. The crack keeps growing.
28	YEAR TWO	Year two. The crack has reached the middle of your screen.
29	YEAR TWO	A repair shop at the mall quotes you a hundred and forty dollars to fix it.
30	YEAR TWO	That feels insane for a piece of glass. So you go home and watch tutorials instead.
31	YEAR TWO	You order a replacement screen online for thirty-one dollars, and a tiny screwdriver kit for nine.
32	YEAR TWO	It takes you four hours, a heat gun borrowed from your dad, and one very scary moment with a ribbon cable.
33	YEAR TWO	And then the screen lights up. Perfect. Like new.
34	YEAR TWO	Forty dollars. Instead of a hundred and forty.
35	YEAR TWO	You don't know it yet, but that hundred-dollar gap is about to change your entire life.
36	YEAR TWO	Because the next week, Tasha drops her phone in a parking lot.
37	THE FIRST CUSTOMER	"The mall wants a hundred and fifty," Tasha says. "I don't have that right now."
38	THE FIRST CUSTOMER	"Give me eighty," you say. "And three days."
39	THE FIRST CUSTOMER	You order the part. You fix it at your kitchen table. She gets her phone back looking brand new.
40	THE FIRST CUSTOMER	Then Tasha tells her coworker. Her coworker tells her cousin.
41	THE FIRST CUSTOMER	Within a month, there are four broken phones on your kitchen table every week.
42	THE FIRST CUSTOMER	You charge eighty to ninety dollars. The parts cost you about thirty-five.
43	THE FIRST CUSTOMER	That's around two hundred dollars of profit a week, from a skill you learned because you were too stubborn to upgrade.
44	THE FIRST CUSTOMER	You keep your day job at the warehouse. Every repair dollar goes into The Crack.
45	THE FIRST CUSTOMER	And Jay? Jay calls you "the phone guy" now. He doesn't mean it as a compliment.
46	YEAR THREE	Year three. The kitchen table isn't big enough anymore.
47	YEAR THREE	You're fixing twelve phones a week, and you've started recognizing the same problems over and over.
48	YEAR THREE	Cracked screens. Dead batteries. Charging ports packed with pocket lint.
49	YEAR THREE	One Saturday, you go back to the mall repair booth. The one that quoted you a hundred and forty dollars.
50	YEAR THREE	Behind the counter is an older man named Mr. Okafor. Gray beard. Reading glasses on a chain.
51	YEAR THREE	His booth is tiny. Four square meters, a stool, and a wall of parts in little plastic drawers.
52	YEAR THREE	You tell him you've been fixing phones at home. You expect him to be annoyed.
53	YEAR THREE	Instead, he hands you a phone with a swollen battery and says, "Show me."
54	YEAR THREE	You fix it in eleven minutes. He watches every move without saying a word.
55	YEAR THREE	Then he says, "I'm sixty-six. My knees hurt. My son wants nothing to do with this booth."
56	YEAR THREE	"How much does it make?" you ask.
57	YEAR THREE	He turns his notebook around so you can see it.
58	THE BOOTH	The booth brings in about seventy-two hundred dollars a month.
59	THE BOOTH	Rent to the mall is nineteen hundred. Parts are about two thousand. After everything, it clears around three thousand a month.
60	THE BOOTH	Thirty-six thousand dollars a year, from a space smaller than a parking spot.
61	THE BOOTH	"I'll sell it to you for forty thousand," Mr. Okafor says. "The parts, the tools, the lease, and my customers."
62	THE BOOTH	You have twenty-nine thousand in The Crack.
63	THE BOOTH	You almost walk away. Then you remember the math you did in your car that night two years ago.
64	THE BOOTH	You offer twenty-five thousand now, and the last fifteen in monthly payments out of the booth's own profit.
65	THE BOOTH	And one more thing. You ask him to stay for six months, two days a week, and teach you everything.
66	THE BOOTH	He laughs for the first time. "Deal. But you buy the coffee."
67	YEAR FOUR	Year four. You quit the warehouse.
68	YEAR FOUR	Mr. Okafor teaches you the things the tutorials never showed you.
69	YEAR FOUR	How to tell in ten seconds if a phone has water damage. How to buy parts in bulk from the right suppliers. How to price.
70	YEAR FOUR	"Never compete on being the cheapest," he says. "Compete on being the fastest. People don't care about twenty dollars. They care about being without their phone for three days."
71	YEAR FOUR	So you change one thing. Every screen repair is guaranteed in under one hour.
72	YEAR FOUR	The mall's other repair shop takes two days. Within three months, they're sending you their overflow.
73	YEAR FOUR	The booth goes from three thousand a month in profit to fifty-eight hundred.
74	YEAR FOUR	At dinner, Jay shows everyone his new phone. Again. "Third one in four years," he says proudly.
75	YEAR FOUR	He turns to you. "Still on the cracked one?"
76	YEAR FOUR	You look at your phone. Same one. New screen. New battery. Total spent in four years: about a hundred and ten dollars.
77	YEAR FOUR	"Still works," you say.
78	YEAR FIVE	Year five. You notice something nobody else in the mall seems to notice.
79	YEAR FIVE	Every single person walking past your booth is holding the most fragile, most expensive thing they own.
80	YEAR FIVE	And they drop it. Constantly.
81	YEAR FIVE	That's when you understand what kind of business you're actually in.
82	YEAR FIVE	You're not in the phone business. You're in the "oh no" business. And "oh no" never goes out of style.
83	YEAR FIVE	New phones get more expensive every year. The screens get bigger. The glass gets curvier. And every repair gets more valuable.
84	YEAR FIVE	Your friends upgrading every year isn't your competition. It's your customer base.
85	YEAR FIVE	So you open a second booth. Then a third, in a mall across town.
86	YEAR FIVE	You don't put your name on them. You keep the simple name Mr. Okafor used for twenty years. Quick Fix.
87	YEAR FIVE	Each booth costs you about thirty thousand dollars to open. Each one makes it back in under a year.
88	YEAR SIX	Year six. Five locations. Twelve technicians. A small warehouse for parts.
89	YEAR SIX	You hire the best tech you've ever met, a quiet nineteen-year-old named Danny who fixes phones faster than you do.
90	YEAR SIX	You pay him more than any shop in the city, and you give him a small piece of the profit from his booth.
91	YEAR SIX	Danny trains the next five techs himself.
92	YEAR SIX	Meanwhile, the business does something you didn't expect. It gets boring.
93	YEAR SIX	Same repairs. Same parts. Same profit. Every single month.
94	YEAR SIX	You sit down with an accountant for the first time. She looks at your books for a long time.
95	YEAR SIX	"Do you know what this is worth?" she asks.
96	YEAR SIX	You don't.
97	YEAR SIX	"Repair businesses with steady cash flow sell for three to four times their yearly profit. You cleared two hundred and ninety thousand last year."
98	YEAR SIX	You do the math. Again. Somewhere around a million dollars.
99	YEAR SIX	For a business that started with a cracked phone and a borrowed heat gun.
100	YEAR SIX	But the next year, everything almost falls apart.
101	YEAR SEVEN	Year seven. A big national repair chain arrives in town.
102	YEAR SEVEN	Bright signs. Mall billboards. A grand opening with free screen protectors for everyone.
103	YEAR SEVEN	And they open their store directly across from your busiest booth.
104	YEAR SEVEN	In the first month, that booth's revenue drops by forty percent.
105	YEAR SEVEN	Every instinct tells you to fight. Cut prices. Buy billboards. Match their free screen protectors.
106	YEAR SEVEN	You call Mr. Okafor. He's retired now, but he still answers on the first ring.
107	YEAR SEVEN	"What do they have that you don't?" he asks.
108	YEAR SEVEN	"Money," you say. "Lots of it."
109	YEAR SEVEN	"And what do you have that they don't?"
110	YEAR SEVEN	You think about it for a long time.
111	YEAR SEVEN	"Danny," you say. "Techs who stay. Customers who come back. The one-hour guarantee."
112	YEAR SEVEN	"Then why are you trying to play their game?" he says. "Make them play yours."
113	THE FIX	So you do the opposite of what everyone expects. You don't lower your prices. You don't buy a single billboard.
114	THE FIX	Instead, you go after the customers the big chain can't be bothered with.
115	THE FIX	Schools that hand out tablets to every student. Delivery companies whose drivers crack a phone every week. Hospitals with hundreds of work devices.
116	THE FIX	You offer them flat monthly contracts. One price. Every device, fixed in a day.
117	THE FIX	One school district alone sends you three hundred and forty broken tablets a month.
118	THE FIX	By the end of the year, business contracts make up more than a third of your revenue.
119	THE FIX	And the big chain? Its parent company took on too much debt opening stores too fast.
120	THE FIX	Eighteen months later, it closes nine locations. Including the one across from your booth.
121	THE FIX	You buy all of their repair equipment at the liquidation auction for eleven cents on the dollar.
122	YEAR EIGHT	Year eight. You're twenty-nine. Fourteen locations. Forty-one employees. Contracts with three school districts and two hospital networks.
123	YEAR EIGHT	The business clears just under a million dollars a year.
124	YEAR EIGHT	You still drive the same used hatchback. You still live in a normal apartment.
125	YEAR EIGHT	You still have the same phone.
126	YEAR EIGHT	It's on its fourth screen and its third battery. It's honestly a little ridiculous at this point.
127	YEAR EIGHT	Meanwhile, Jay is on his eighth phone. He also has two credit cards he doesn't like to talk about.
128	YEAR EIGHT	At his birthday dinner, he finally asks the question.
129	YEAR EIGHT	"How are you always so relaxed about money? You fix phones in a mall."
130	YEAR EIGHT	You could tell him. You almost do.
131	YEAR EIGHT	But you've learned something over eight years. The people who brag about money are usually the people who need you to believe they have it.
132	YEAR EIGHT	So you just smile and say, "I don't buy a lot of stuff."
133	YEAR NINE	Year nine. A private equity firm calls.
134	YEAR NINE	They're buying repair businesses across the country, and they want yours.
135	YEAR NINE	They offer six and a half million dollars.
136	YEAR NINE	You call Mr. Okafor one more time. He's seventy-two now. He listens to the whole thing.
137	YEAR NINE	"Do you need the money?" he asks.
138	YEAR NINE	"No," you say.
139	YEAR NINE	"Then don't sell the business that pays you. Sell a piece of it, and keep the part that matters."
140	YEAR NINE	So you sell thirty percent for two million dollars, keep control, and keep Danny running operations.
141	YEAR NINE	You pay off every loan. You put a big chunk into boring index funds. And you mail Mr. Okafor a thank-you check.
142	YEAR NINE	He mails it right back with a sticky note.
143	YEAR NINE	"Keep it. You still owe me coffee."
144	THE ENDING	Which brings you back to that counter. Jay's shattered phone. "You know the owner, right?"
145	THE ENDING	You take the phone in the back and replace the screen yourself, the way you did at your kitchen table nine years ago.
146	THE ENDING	Eleven minutes. Good as new.
147	THE ENDING	You hand it back to Jay and tell him it's on the house.
148	THE ENDING	"Bro, the owner must love you," he says.
149	THE ENDING	You check the time on your phone. Same one. Cracked corner and all.
150	THE ENDING	And here's what nine years and one stubborn phone taught you.
151	THE ENDING	Your friends upgrading every year didn't make them rich. It made someone else rich.
152	THE ENDING	The trick is noticing who that someone is, and quietly becoming them.
153	THE ENDING	And never buy the new thing just because everyone else did. Fix the old thing. Then learn to fix everyone else's.
154	THE ENDING	If you want more stories about the quiet people who own the places you walk past every day, subscribe to The Silent Owner.
155	THE ENDING	And tell me in the comments: how old is the phone you're watching this on right now?
