2	https://d8j0ntlcm91z4.cloudfront.net/user_3FtauoFfi4aiT2rOZozLFkzeELN/hf_20261002_184921_40ef12c3-9e34-4977-b6f2-f0d85585c7cd.mp3
3	https://d8j0ntlcm91z4.cloudfront.net/user_3FtauoFfi4aiT2rOZozLFkzeELN/hf_20261002_184946_4a94d3ce-3049-449c-b91d-c1f53f05752f.mp3
5	https://d8j0ntlcm91z4.cloudfront.net/user_3FtauoFfi4aiT2rOZozLFkzeELN/hf_20261002_184946_b021c709-d944-499c-b64a-9dcfa2ebf7ad.mp3
4	https://d8j0ntlcm91z4.cloudfront.net/user_3FtauoFfi4aiT2rOZozLFkzeELN/hf_20261002_185003_eceabde7-c17f-4cf5-8deb-11a641ad9d01.mp3
6	https://d8j0ntlcm91z4.cloudfront.net/user_3FtauoFfi4aiT2rOZozLFkzeELN/hf_20261002_185003_823d0436-9dd9-44df-80af-09e75ff242a8.mp3
7	https://d8j0ntlcm91z4.cloudfront.net/user_3FtauoFfi4aiT2rOZozLFkzeELN/hf_20261002_185022_415df1cf-541e-43e8-840c-7eb3f867b912.mp3
9	https://d8j0ntlcm91z4.cloudfront.net/user_3FtauoFfi4aiT2rOZozLFkzeELN/hf_20261002_185021_2fdcf165-406c-4171-85a9-87e2075f1a8c.mp3
8	https://d8j0ntlcm91z4.cloudfront.net/user_3FtauoFfi4aiT2rOZozLFkzeELN/hf_20261002_185039_b4ee26bf-39c8-46de-8493-23a491045905.mp3
10	https://d8j0ntlcm91z4.cloudfront.net/user_3FtauoFfi4aiT2rOZozLFkzeELN/hf_20261002_185039_02fb98d1-5a7f-4dc3-b87f-af037eb2d868.mp3
11	https://d8j0ntlcm91z4.cloudfront.net/user_3FtauoFfi4aiT2rOZozLFkzeELN/hf_20261002_185058_3ab0243c-a023-499d-bc28-823eca2ff577.mp3
12	https://d8j0ntlcm91z4.cloudfront.net/user_3FtauoFfi4aiT2rOZozLFkzeELN/hf_20261002_185058_b6f09ce8-49ef-414e-853d-ed61fef4e570.mp3
13	https://d8j0ntlcm91z4.cloudfront.net/user_3FtauoFfi4aiT2rOZozLFkzeELN/hf_20261002_185116_0a90b68b-669e-4f7b-8430-679d9e634c3d.mp3
14	https://d8j0ntlcm91z4.cloudfront.net/user_3FtauoFfi4aiT2rOZozLFkzeELN/hf_20261002_185116_d3bc9349-394a-4e9b-9486-81b828583ab7.mp3
1	https://d8j0ntlcm91z4.cloudfront.net/user_3FtauoFfi4aiT2rOZozLFkzeELN/hf_20261002_185230_52ee120e-7859-40f4-bc65-acc8e951c0ec.mp3
15	https://d8j0ntlcm91z4.cloudfront.net/user_3FtauoFfi4aiT2rOZozLFkzeELN/hf_20261002_185229_7b00ec92-1aa9-4a99-b19b-bac7b597e86b.mp3
16	https://d8j0ntlcm91z4.cloudfront.net/user_3FtauoFfi4aiT2rOZozLFkzeELN/hf_20261002_185302_7c68f4a1-5273-4a24-b6a0-b8ccaf976c1b.mp3
17	https://d8j0ntlcm91z4.cloudfront.net/user_3FtauoFfi4aiT2rOZozLFkzeELN/hf_20261002_185302_e5ef606f-bb26-4f7b-8ee7-81dbe0d6ac4b.mp3
18	https://d8j0ntlcm91z4.cloudfront.net/user_3FtauoFfi4aiT2rOZozLFkzeELN/hf_20261002_185322_614be948-c23c-4852-8a5f-486da3a1a878.mp3
19	https://d8j0ntlcm91z4.cloudfront.net/user_3FtauoFfi4aiT2rOZozLFkzeELN/hf_20261002_185323_e31d3d4d-8e1d-41f4-9b1f-df16e42b9440.mp3
20	https://d8j0ntlcm91z4.cloudfront.net/user_3FtauoFfi4aiT2rOZozLFkzeELN/hf_20261002_185339_378c5d2e-6837-476c-9d27-154617e7ae78.mp3
21	https://d8j0ntlcm91z4.cloudfront.net/user_3FtauoFfi4aiT2rOZozLFkzeELN/hf_20261002_185339_6b9415f8-a468-4148-9309-551a137ed845.mp3
22	https://d8j0ntlcm91z4.cloudfront.net/user_3FtauoFfi4aiT2rOZozLFkzeELN/hf_20261002_185358_7ec8e280-f621-4114-b07f-8656877530a8.mp3
23	https://d8j0ntlcm91z4.cloudfront.net/user_3FtauoFfi4aiT2rOZozLFkzeELN/hf_20261002_185359_8429bc2a-8be7-4346-ba74-a62c4093e27e.mp3
24	https://d8j0ntlcm91z4.cloudfront.net/user_3FtauoFfi4aiT2rOZozLFkzeELN/hf_20261002_185519_e791ad55-3d92-4cbe-97c7-6e3851f5b056.mp3
26	https://d8j0ntlcm91z4.cloudfront.net/user_3FtauoFfi4aiT2rOZozLFkzeELN/hf_20261002_185519_cf84f4df-363e-4d38-94bb-f7fd74abe741.mp3
27	https://d8j0ntlcm91z4.cloudfront.net/user_3FtauoFfi4aiT2rOZozLFkzeELN/hf_20261002_185519_4a58e505-785b-445b-a25b-a06c5c71c85c.mp3
25	https://d8j0ntlcm91z4.cloudfront.net/user_3FtauoFfi4aiT2rOZozLFkzeELN/hf_20261002_185538_da281583-8d4a-43c3-a26a-a21e39f4ea43.mp3
28	https://d8j0ntlcm91z4.cloudfront.net/user_3FtauoFfi4aiT2rOZozLFkzeELN/hf_20261002_185538_41a89db5-6198-4f61-baeb-b7334f5e6684.mp3
29	https://d8j0ntlcm91z4.cloudfront.net/user_3FtauoFfi4aiT2rOZozLFkzeELN/hf_20261002_185538_17eb7452-6815-430b-a24f-17af54c1dd08.mp3
30	https://d8j0ntlcm91z4.cloudfront.net/user_3FtauoFfi4aiT2rOZozLFkzeELN/hf_20261002_185538_74a98c01-b998-4c48-a471-deebc8b98b49.mp3
31	https://d8j0ntlcm91z4.cloudfront.net/user_3FtauoFfi4aiT2rOZozLFkzeELN/hf_20261002_185556_a962b175-49c8-4481-a540-66ea4ed820cd.mp3
33	https://d8j0ntlcm91z4.cloudfront.net/user_3FtauoFfi4aiT2rOZozLFkzeELN/hf_20261002_185556_9eb1c8bf-8dca-46da-a996-b3d548a39efb.mp3
34	https://d8j0ntlcm91z4.cloudfront.net/user_3FtauoFfi4aiT2rOZozLFkzeELN/hf_20261002_185556_131e998a-9d82-4c83-9240-d00845f1547f.mp3
36	https://d8j0ntlcm91z4.cloudfront.net/user_3FtauoFfi4aiT2rOZozLFkzeELN/hf_20261002_185556_90bf07c9-552b-42f4-b37b-70768a5ae4d2.mp3
32	https://d8j0ntlcm91z4.cloudfront.net/user_3FtauoFfi4aiT2rOZozLFkzeELN/hf_20261002_185615_ffc9f478-e50b-4aab-9b84-f7a6d0ed2a6b.mp3
35	https://d8j0ntlcm91z4.cloudfront.net/user_3FtauoFfi4aiT2rOZozLFkzeELN/hf_20261002_185615_89cbe412-252a-430d-84fa-2f68de716d27.mp3
37	https://d8j0ntlcm91z4.cloudfront.net/user_3FtauoFfi4aiT2rOZozLFkzeELN/hf_20261002_185615_bb7b3973-22bb-4e78-85fa-292cdf7a1747.mp3
38	https://d8j0ntlcm91z4.cloudfront.net/user_3FtauoFfi4aiT2rOZozLFkzeELN/hf_20261002_185615_1f308187-04e8-4701-b83d-f9c3e3c662aa.mp3
39	https://d8j0ntlcm91z4.cloudfront.net/user_3FtauoFfi4aiT2rOZozLFkzeELN/hf_20261002_185615_a0d72c0a-94a0-43df-a9c6-b94629eb06b7.mp3
40	https://d8j0ntlcm91z4.cloudfront.net/user_3FtauoFfi4aiT2rOZozLFkzeELN/hf_20261002_185632_a535c42b-08f1-433b-aeb2-7bb76c9aa33d.mp3
41	https://d8j0ntlcm91z4.cloudfront.net/user_3FtauoFfi4aiT2rOZozLFkzeELN/hf_20261002_185632_9c0ab66a-1ebd-49b1-8dd5-65802d2db2a7.mp3
42	https://d8j0ntlcm91z4.cloudfront.net/user_3FtauoFfi4aiT2rOZozLFkzeELN/hf_20261002_185632_c15902e7-d594-4ac7-930d-ae870bcccfd0.mp3
43	https://d8j0ntlcm91z4.cloudfront.net/user_3FtauoFfi4aiT2rOZozLFkzeELN/hf_20261002_185632_01ab551d-856c-4746-ab8c-06d5b14258b6.mp3
44	https://d8j0ntlcm91z4.cloudfront.net/user_3FtauoFfi4aiT2rOZozLFkzeELN/hf_20261002_185632_8a3bece9-763a-44be-8f9e-e6d4cacfc910.mp3
45	https://d8j0ntlcm91z4.cloudfront.net/user_3FtauoFfi4aiT2rOZozLFkzeELN/hf_20261002_185650_fe9e8d95-cf09-42c1-ac39-e60e15674220.mp3
47	https://d8j0ntlcm91z4.cloudfront.net/user_3FtauoFfi4aiT2rOZozLFkzeELN/hf_20261002_185650_81bc4fec-3f01-4ee6-8c7a-7ad7d0617dd2.mp3
48	https://d8j0ntlcm91z4.cloudfront.net/user_3FtauoFfi4aiT2rOZozLFkzeELN/hf_20261002_185650_7c8a949e-fd9f-495f-a042-82974570f82e.mp3
49	https://d8j0ntlcm91z4.cloudfront.net/user_3FtauoFfi4aiT2rOZozLFkzeELN/hf_20261002_185650_1fea42a2-d407-481c-9820-e04144e903ae.mp3
46	https://d8j0ntlcm91z4.cloudfront.net/user_3FtauoFfi4aiT2rOZozLFkzeELN/hf_20261002_185707_1d2f9f3d-a0c2-4bbd-8c38-1553c2a150ad.mp3
52	https://d8j0ntlcm91z4.cloudfront.net/user_3FtauoFfi4aiT2rOZozLFkzeELN/hf_20261002_185707_d520cdf8-d4c8-438f-8128-ec001756f429.mp3
53	https://d8j0ntlcm91z4.cloudfront.net/user_3FtauoFfi4aiT2rOZozLFkzeELN/hf_20261002_185707_1a735dfd-1fbb-4b9d-80dd-d7ded16e6f6e.mp3
50	https://d8j0ntlcm91z4.cloudfront.net/user_3FtauoFfi4aiT2rOZozLFkzeELN/hf_20261002_185722_14e9c801-a3d7-4fe7-93a3-dd503f8093fb.mp3
51	https://d8j0ntlcm91z4.cloudfront.net/user_3FtauoFfi4aiT2rOZozLFkzeELN/hf_20261002_185722_f2e9af95-a362-4102-b7fd-ffadf443eb2e.mp3
54	https://d8j0ntlcm91z4.cloudfront.net/user_3FtauoFfi4aiT2rOZozLFkzeELN/hf_20261002_185722_3b444e60-532d-430d-aba6-45955c703cfd.mp3
55	https://d8j0ntlcm91z4.cloudfront.net/user_3FtauoFfi4aiT2rOZozLFkzeELN/hf_20261002_185722_f7b76959-9bf6-4461-8c2e-0e81b91160f0.mp3
56	https://d8j0ntlcm91z4.cloudfront.net/user_3FtauoFfi4aiT2rOZozLFkzeELN/hf_20261002_185738_808d039c-fc57-41d1-b9ba-f42a38a24852.mp3
57	https://d8j0ntlcm91z4.cloudfront.net/user_3FtauoFfi4aiT2rOZozLFkzeELN/hf_20261002_185738_1ae1db06-1182-4e93-9174-4124f8099ab3.mp3
58	https://d8j0ntlcm91z4.cloudfront.net/user_3FtauoFfi4aiT2rOZozLFkzeELN/hf_20261002_185738_eeea4eec-a926-4679-9c84-4cb925a1b7fb.mp3
59	https://d8j0ntlcm91z4.cloudfront.net/user_3FtauoFfi4aiT2rOZozLFkzeELN/hf_20261002_185738_8189cdc1-61e8-41f3-8a4a-673668b082c6.mp3
60	https://d8j0ntlcm91z4.cloudfront.net/user_3FtauoFfi4aiT2rOZozLFkzeELN/hf_20261002_185756_adc33ab4-e77e-4ccb-a930-5befa3dbdd8d.mp3
61	https://d8j0ntlcm91z4.cloudfront.net/user_3FtauoFfi4aiT2rOZozLFkzeELN/hf_20261002_185756_2031ce36-ea8b-4efc-99c4-5e69410cf3a7.mp3
63	https://d8j0ntlcm91z4.cloudfront.net/user_3FtauoFfi4aiT2rOZozLFkzeELN/hf_20261002_185756_a035f8f4-bc0a-4953-88b0-6f390cabf0fe.mp3
64	https://d8j0ntlcm91z4.cloudfront.net/user_3FtauoFfi4aiT2rOZozLFkzeELN/hf_20261002_185811_f7297268-a988-474e-a8a3-e87521071d5f.mp3
65	https://d8j0ntlcm91z4.cloudfront.net/user_3FtauoFfi4aiT2rOZozLFkzeELN/hf_20261002_185811_1c557688-ae13-4d06-b079-22067e223b19.mp3
66	https://d8j0ntlcm91z4.cloudfront.net/user_3FtauoFfi4aiT2rOZozLFkzeELN/hf_20261002_185811_c6220a5f-297b-4a7b-a222-23305f1ba48e.mp3
62	https://d8j0ntlcm91z4.cloudfront.net/user_3FtauoFfi4aiT2rOZozLFkzeELN/hf_20261002_185837_fc78c95f-6ed3-400f-8629-67fd38202ac2.mp3
67	https://d8j0ntlcm91z4.cloudfront.net/user_3FtauoFfi4aiT2rOZozLFkzeELN/hf_20261002_185837_bf6c77b0-d8b8-4663-8f86-2c1f5b19bbc6.mp3
68	https://d8j0ntlcm91z4.cloudfront.net/user_3FtauoFfi4aiT2rOZozLFkzeELN/hf_20261002_185837_912df079-3d94-46a3-b1bb-999a225a3d88.mp3
69	https://d8j0ntlcm91z4.cloudfront.net/user_3FtauoFfi4aiT2rOZozLFkzeELN/hf_20261002_185837_24f659b6-55ff-4253-a583-89afdf354482.mp3
70	https://d8j0ntlcm91z4.cloudfront.net/user_3FtauoFfi4aiT2rOZozLFkzeELN/hf_20261002_185853_3a28ca1d-c5e4-414c-835f-b218d8f470c9.mp3
72	https://d8j0ntlcm91z4.cloudfront.net/user_3FtauoFfi4aiT2rOZozLFkzeELN/hf_20261002_185853_2d46c987-b231-435d-80fa-c38a9b0d3fb4.mp3
73	https://d8j0ntlcm91z4.cloudfront.net/user_3FtauoFfi4aiT2rOZozLFkzeELN/hf_20261002_185853_f838ffff-42c8-454e-854f-4ce370e87e03.mp3
74	https://d8j0ntlcm91z4.cloudfront.net/user_3FtauoFfi4aiT2rOZozLFkzeELN/hf_20261002_185908_2975873f-449d-471c-b16c-0b6df19c3819.mp3
75	https://d8j0ntlcm91z4.cloudfront.net/user_3FtauoFfi4aiT2rOZozLFkzeELN/hf_20261002_185908_72c30178-96ef-4917-a05a-569df05ed12a.mp3
71	https://d8j0ntlcm91z4.cloudfront.net/user_3FtauoFfi4aiT2rOZozLFkzeELN/hf_20261002_185923_b4b665b9-79a5-4b1f-9e74-04f9984cee95.mp3
78	https://d8j0ntlcm91z4.cloudfront.net/user_3FtauoFfi4aiT2rOZozLFkzeELN/hf_20261002_185923_700d7822-25d7-4b2f-83c1-fed4a0aecc84.mp3
76	https://d8j0ntlcm91z4.cloudfront.net/user_3FtauoFfi4aiT2rOZozLFkzeELN/hf_20261002_185937_1a525099-9a3b-4cb9-a9ac-eedc5fe2fd20.mp3
77	https://d8j0ntlcm91z4.cloudfront.net/user_3FtauoFfi4aiT2rOZozLFkzeELN/hf_20261002_185937_873544e4-39c7-4aa2-812e-cb281b2ab437.mp3
79	https://d8j0ntlcm91z4.cloudfront.net/user_3FtauoFfi4aiT2rOZozLFkzeELN/hf_20261002_185937_df807dc9-24fb-4810-b0a5-6de76acbbb39.mp3
80	https://d8j0ntlcm91z4.cloudfront.net/user_3FtauoFfi4aiT2rOZozLFkzeELN/hf_20261002_185937_e506ed25-6e0f-4a6b-a5fa-09de04d4e04e.mp3
81	https://d8j0ntlcm91z4.cloudfront.net/user_3FtauoFfi4aiT2rOZozLFkzeELN/hf_20261002_190001_dde3e78f-9725-4c3b-8f9f-d2a99d5ebcbf.mp3
82	https://d8j0ntlcm91z4.cloudfront.net/user_3FtauoFfi4aiT2rOZozLFkzeELN/hf_20261002_190001_bd8eb20c-f277-4779-957f-9b40170caf02.mp3
83	https://d8j0ntlcm91z4.cloudfront.net/user_3FtauoFfi4aiT2rOZozLFkzeELN/hf_20261002_190001_96af6fe4-9aca-402d-a019-ff80902d7ec0.mp3
84	https://d8j0ntlcm91z4.cloudfront.net/user_3FtauoFfi4aiT2rOZozLFkzeELN/hf_20261002_190001_24ec031e-6a77-453d-abef-6f23fd12788f.mp3
85	https://d8j0ntlcm91z4.cloudfront.net/user_3FtauoFfi4aiT2rOZozLFkzeELN/hf_20261002_190016_d430e37f-36ce-469e-b02e-d13449d7f706.mp3
86	https://d8j0ntlcm91z4.cloudfront.net/user_3FtauoFfi4aiT2rOZozLFkzeELN/hf_20261002_190017_186b76d7-ba0c-4e90-8788-a7dd6e03e27a.mp3
87	https://d8j0ntlcm91z4.cloudfront.net/user_3FtauoFfi4aiT2rOZozLFkzeELN/hf_20261002_190017_2b7f4f31-0681-49fe-bb12-5fb8f6c9d799.mp3
88	https://d8j0ntlcm91z4.cloudfront.net/user_3FtauoFfi4aiT2rOZozLFkzeELN/hf_20261002_190016_ee520da2-6bf7-4c83-96de-1cb08b66f2eb.mp3
90	https://d8j0ntlcm91z4.cloudfront.net/user_3FtauoFfi4aiT2rOZozLFkzeELN/hf_20261002_190033_26b3d1a7-312f-4e35-8d3b-fc7988761d9f.mp3
91	https://d8j0ntlcm91z4.cloudfront.net/user_3FtauoFfi4aiT2rOZozLFkzeELN/hf_20261002_190033_8a1e0031-e4b5-4a0f-b2b3-7461f7d6a079.mp3
89	https://d8j0ntlcm91z4.cloudfront.net/user_3FtauoFfi4aiT2rOZozLFkzeELN/hf_20261002_190048_24d5b4c2-41b0-4545-a956-ccd77eddd528.mp3
92	https://d8j0ntlcm91z4.cloudfront.net/user_3FtauoFfi4aiT2rOZozLFkzeELN/hf_20261002_190048_b501885b-93ee-4b41-8fe7-51d488782605.mp3
93	https://d8j0ntlcm91z4.cloudfront.net/user_3FtauoFfi4aiT2rOZozLFkzeELN/hf_20261002_190048_9d2fd749-d451-4032-909a-d0e75943cfb3.mp3
94	https://d8j0ntlcm91z4.cloudfront.net/user_3FtauoFfi4aiT2rOZozLFkzeELN/hf_20261002_190048_8c0d03fe-6046-4a2c-80ae-8d937f008962.mp3
95	https://d8j0ntlcm91z4.cloudfront.net/user_3FtauoFfi4aiT2rOZozLFkzeELN/hf_20261002_190103_f4051afd-e0cd-40b8-a005-a8322149a1cb.mp3
96	https://d8j0ntlcm91z4.cloudfront.net/user_3FtauoFfi4aiT2rOZozLFkzeELN/hf_20261002_190103_93548be8-89bf-4afd-b667-f5933023064b.mp3
97	https://d8j0ntlcm91z4.cloudfront.net/user_3FtauoFfi4aiT2rOZozLFkzeELN/hf_20261002_190103_fcc755c9-233c-48d1-9348-81dbb02194ef.mp3
99	https://d8j0ntlcm91z4.cloudfront.net/user_3FtauoFfi4aiT2rOZozLFkzeELN/hf_20261002_190118_c5307564-6f6e-4795-bd91-a754bfc1617d.mp3
100	https://d8j0ntlcm91z4.cloudfront.net/user_3FtauoFfi4aiT2rOZozLFkzeELN/hf_20261002_190118_9f31abcf-78c1-4553-bef1-8cefcce0e409.mp3
101	https://d8j0ntlcm91z4.cloudfront.net/user_3FtauoFfi4aiT2rOZozLFkzeELN/hf_20261002_190118_c76116c5-7b37-4f78-b6d5-9a084b5f865c.mp3
98	https://d8j0ntlcm91z4.cloudfront.net/user_3FtauoFfi4aiT2rOZozLFkzeELN/hf_20261002_190135_2ae3d925-8878-4a86-a259-856d20d56dac.mp3
102	https://d8j0ntlcm91z4.cloudfront.net/user_3FtauoFfi4aiT2rOZozLFkzeELN/hf_20261002_190135_3d353649-1af3-48d4-a8fe-d0343d23ef24.mp3
103	https://d8j0ntlcm91z4.cloudfront.net/user_3FtauoFfi4aiT2rOZozLFkzeELN/hf_20261002_190134_b6906f3e-9e44-4308-b9b2-96f01f0debfd.mp3
105	https://d8j0ntlcm91z4.cloudfront.net/user_3FtauoFfi4aiT2rOZozLFkzeELN/hf_20261002_190150_8e2fdf1d-1ce5-42da-b092-93091f96daed.mp3
106	https://d8j0ntlcm91z4.cloudfront.net/user_3FtauoFfi4aiT2rOZozLFkzeELN/hf_20261002_190150_92c776f2-0c87-49e2-ad93-681488357176.mp3
104	https://d8j0ntlcm91z4.cloudfront.net/user_3FtauoFfi4aiT2rOZozLFkzeELN/hf_20261002_190205_15b016a2-a595-4084-8b07-d74e0877b925.mp3
107	https://d8j0ntlcm91z4.cloudfront.net/user_3FtauoFfi4aiT2rOZozLFkzeELN/hf_20261002_190205_cb36c39c-c0d1-41cc-8a29-5d84a53a0627.mp3
108	https://d8j0ntlcm91z4.cloudfront.net/user_3FtauoFfi4aiT2rOZozLFkzeELN/hf_20261002_190205_b67805f4-e1e0-4928-bfbb-7eaa13004f2d.mp3
110	https://d8j0ntlcm91z4.cloudfront.net/user_3FtauoFfi4aiT2rOZozLFkzeELN/hf_20261002_190220_2d318db7-cbb3-4130-8b17-9ed7feb75b29.mp3
111	https://d8j0ntlcm91z4.cloudfront.net/user_3FtauoFfi4aiT2rOZozLFkzeELN/hf_20261002_190220_b801acf4-bf3f-417c-8a6c-e54059de40f9.mp3
112	https://d8j0ntlcm91z4.cloudfront.net/user_3FtauoFfi4aiT2rOZozLFkzeELN/hf_20261002_190221_d30f9009-a3ff-426a-9b88-39e70e312738.mp3
109	https://d8j0ntlcm91z4.cloudfront.net/user_3FtauoFfi4aiT2rOZozLFkzeELN/hf_20261002_190236_03c59bc5-ed7d-46d9-8964-a55e3094a7bb.mp3
113	https://d8j0ntlcm91z4.cloudfront.net/user_3FtauoFfi4aiT2rOZozLFkzeELN/hf_20261002_190236_7493722c-9308-4ef9-a290-41d1ed3a7064.mp3
114	https://d8j0ntlcm91z4.cloudfront.net/user_3FtauoFfi4aiT2rOZozLFkzeELN/hf_20261002_190236_1d9f8764-d405-415e-a44c-20afe5ad3a6f.mp3
115	https://d8j0ntlcm91z4.cloudfront.net/user_3FtauoFfi4aiT2rOZozLFkzeELN/hf_20261002_190236_b51988cc-e6fa-4f03-b9df-83dec2fe89ec.mp3
116	https://d8j0ntlcm91z4.cloudfront.net/user_3FtauoFfi4aiT2rOZozLFkzeELN/hf_20261002_190252_a8aec9e1-e0b6-4bd5-b105-2d8248d95397.mp3
117	https://d8j0ntlcm91z4.cloudfront.net/user_3FtauoFfi4aiT2rOZozLFkzeELN/hf_20261002_190252_7bf81d0b-c924-42e6-ae6c-408086d24cc4.mp3
119	https://d8j0ntlcm91z4.cloudfront.net/user_3FtauoFfi4aiT2rOZozLFkzeELN/hf_20261002_190252_3731dd85-a332-4715-9861-663e628e9286.mp3
118	https://d8j0ntlcm91z4.cloudfront.net/user_3FtauoFfi4aiT2rOZozLFkzeELN/hf_20261002_190306_e566e135-374a-4029-8441-a823f8555c17.mp3
120	https://d8j0ntlcm91z4.cloudfront.net/user_3FtauoFfi4aiT2rOZozLFkzeELN/hf_20261002_190306_3cf6a5a8-087c-4778-bb61-0afff8557401.mp3
121	https://d8j0ntlcm91z4.cloudfront.net/user_3FtauoFfi4aiT2rOZozLFkzeELN/hf_20261002_190306_615451a7-7002-45db-ab44-c67ea398f72e.mp3
123	https://d8j0ntlcm91z4.cloudfront.net/user_3FtauoFfi4aiT2rOZozLFkzeELN/hf_20261002_190322_f70494d1-17e8-41d4-8e64-e5487187a69b.mp3
124	https://d8j0ntlcm91z4.cloudfront.net/user_3FtauoFfi4aiT2rOZozLFkzeELN/hf_20261002_190322_7d6e2883-8e29-4f61-bfe4-c0da6f35b2d7.mp3
125	https://d8j0ntlcm91z4.cloudfront.net/user_3FtauoFfi4aiT2rOZozLFkzeELN/hf_20261002_190322_a28fe93d-bd97-4afc-9857-a93bab85facf.mp3
122	https://d8j0ntlcm91z4.cloudfront.net/user_3FtauoFfi4aiT2rOZozLFkzeELN/hf_20261003_051213_bd726ba5-7d66-452e-861b-df4d1724a2af.mp3
126	https://d8j0ntlcm91z4.cloudfront.net/user_3FtauoFfi4aiT2rOZozLFkzeELN/hf_20261003_051213_1f93cd99-5dab-40b7-8375-ea0b91b7e2e8.mp3
127	https://d8j0ntlcm91z4.cloudfront.net/user_3FtauoFfi4aiT2rOZozLFkzeELN/hf_20261003_051213_6509047c-e5be-447e-8804-39352865f580.mp3
128	https://d8j0ntlcm91z4.cloudfront.net/user_3FtauoFfi4aiT2rOZozLFkzeELN/hf_20261003_051239_b4b6e1f4-3f7d-45ba-8299-0cb0e64fadc7.mp3
129	https://d8j0ntlcm91z4.cloudfront.net/user_3FtauoFfi4aiT2rOZozLFkzeELN/hf_20261003_051239_1776b064-9e8a-4530-92ca-3d6a7ff64f6b.mp3
130	https://d8j0ntlcm91z4.cloudfront.net/user_3FtauoFfi4aiT2rOZozLFkzeELN/hf_20261003_051239_ad381aea-5e26-423e-a418-67877e651564.mp3
131	https://d8j0ntlcm91z4.cloudfront.net/user_3FtauoFfi4aiT2rOZozLFkzeELN/hf_20261003_051239_915bc342-c7f8-45be-bc4f-33909b9651cc.mp3
132	https://d8j0ntlcm91z4.cloudfront.net/user_3FtauoFfi4aiT2rOZozLFkzeELN/hf_20261003_051253_bc67ad52-a43f-47b8-bd09-868769747779.mp3
133	https://d8j0ntlcm91z4.cloudfront.net/user_3FtauoFfi4aiT2rOZozLFkzeELN/hf_20261003_051253_05af2799-b28c-439d-a5db-96331ab22f06.mp3
134	https://d8j0ntlcm91z4.cloudfront.net/user_3FtauoFfi4aiT2rOZozLFkzeELN/hf_20261003_051253_a18f8ea3-6143-46c7-a639-cfb8cb72513c.mp3
135	https://d8j0ntlcm91z4.cloudfront.net/user_3FtauoFfi4aiT2rOZozLFkzeELN/hf_20261003_051253_c0fa1ea8-c9b6-4911-ac92-e587d1c777c5.mp3
136	https://d8j0ntlcm91z4.cloudfront.net/user_3FtauoFfi4aiT2rOZozLFkzeELN/hf_20261003_051309_fa3a8942-95fa-4dbe-bfab-3ca076a5d166.mp3
137	https://d8j0ntlcm91z4.cloudfront.net/user_3FtauoFfi4aiT2rOZozLFkzeELN/hf_20261003_051309_df665041-d22e-4207-a5ab-ba90620def69.mp3
138	https://d8j0ntlcm91z4.cloudfront.net/user_3FtauoFfi4aiT2rOZozLFkzeELN/hf_20261003_051309_4b3b9149-8107-4b02-96be-906dd169a2af.mp3
139	https://d8j0ntlcm91z4.cloudfront.net/user_3FtauoFfi4aiT2rOZozLFkzeELN/hf_20261003_051309_7225d3ef-15ca-4dbe-9ec8-dfaa4edd4f83.mp3
141	https://d8j0ntlcm91z4.cloudfront.net/user_3FtauoFfi4aiT2rOZozLFkzeELN/hf_20261003_051324_f17f6408-d4a2-4bf3-b678-016dcda166aa.mp3
142	https://d8j0ntlcm91z4.cloudfront.net/user_3FtauoFfi4aiT2rOZozLFkzeELN/hf_20261003_051324_f6842467-069f-4107-9630-de1d6fa46fa2.mp3
143	https://d8j0ntlcm91z4.cloudfront.net/user_3FtauoFfi4aiT2rOZozLFkzeELN/hf_20261003_051324_17238267-dd6f-46fe-b0c0-03f1bdfa34c7.mp3
140	https://d8j0ntlcm91z4.cloudfront.net/user_3FtauoFfi4aiT2rOZozLFkzeELN/hf_20261003_051338_823a39e9-deaf-44d2-8902-596391fdcb25.mp3
144	https://d8j0ntlcm91z4.cloudfront.net/user_3FtauoFfi4aiT2rOZozLFkzeELN/hf_20261003_051338_70815520-6058-4ec5-af77-3d4b0ba9a010.mp3
145	https://d8j0ntlcm91z4.cloudfront.net/user_3FtauoFfi4aiT2rOZozLFkzeELN/hf_20261003_051338_d362633f-e0f8-40e7-9fe5-e85cbfe7b8e7.mp3
146	https://d8j0ntlcm91z4.cloudfront.net/user_3FtauoFfi4aiT2rOZozLFkzeELN/hf_20261003_051338_9c2100bd-3ad2-4983-8315-5164bb68985e.mp3
147	https://d8j0ntlcm91z4.cloudfront.net/user_3FtauoFfi4aiT2rOZozLFkzeELN/hf_20261003_051355_98943d97-224f-4c10-a3ff-65d9e0b8da03.mp3
148	https://d8j0ntlcm91z4.cloudfront.net/user_3FtauoFfi4aiT2rOZozLFkzeELN/hf_20261003_051355_310f9f61-7345-4f36-a5b1-687488dfaf4f.mp3
149	https://d8j0ntlcm91z4.cloudfront.net/user_3FtauoFfi4aiT2rOZozLFkzeELN/hf_20261003_051354_0e73f44c-958e-4467-a431-e3605cbb28ed.mp3
150	https://d8j0ntlcm91z4.cloudfront.net/user_3FtauoFfi4aiT2rOZozLFkzeELN/hf_20261003_051355_422d3d0d-8a80-4e9d-b525-07f01397c269.mp3
151	https://d8j0ntlcm91z4.cloudfront.net/user_3FtauoFfi4aiT2rOZozLFkzeELN/hf_20261003_051407_371540d6-c35c-4f6e-a3b9-ef752a130481.mp3
152	https://d8j0ntlcm91z4.cloudfront.net/user_3FtauoFfi4aiT2rOZozLFkzeELN/hf_20261003_051407_e06de440-be13-4972-8dd8-821bc56e5c96.mp3
153	https://d8j0ntlcm91z4.cloudfront.net/user_3FtauoFfi4aiT2rOZozLFkzeELN/hf_20261003_051407_88d480f6-046b-49ff-bc5a-b7376f6dcdd1.mp3
154	https://d8j0ntlcm91z4.cloudfront.net/user_3FtauoFfi4aiT2rOZozLFkzeELN/hf_20261003_051407_91e871d2-a958-4200-a16b-10df98d65585.mp3
156	https://d8j0ntlcm91z4.cloudfront.net/user_3FtauoFfi4aiT2rOZozLFkzeELN/hf_20261003_051420_9cde7b6f-1194-4366-9a3c-77eae4c87ec3.mp3
157	https://d8j0ntlcm91z4.cloudfront.net/user_3FtauoFfi4aiT2rOZozLFkzeELN/hf_20261003_051420_d6b72254-dd9e-446a-8937-ea30c13ae56d.mp3
158	https://d8j0ntlcm91z4.cloudfront.net/user_3FtauoFfi4aiT2rOZozLFkzeELN/hf_20261003_051420_72cc6e1c-eeac-40b6-bb3f-59db41a130e0.mp3
155	https://d8j0ntlcm91z4.cloudfront.net/user_3FtauoFfi4aiT2rOZozLFkzeELN/hf_20261003_051433_d7dd298b-dd22-4bda-85db-6c0072b01c20.mp3
159	https://d8j0ntlcm91z4.cloudfront.net/user_3FtauoFfi4aiT2rOZozLFkzeELN/hf_20261003_051433_1fed7d61-7b46-41d2-9080-d2ca8581e92e.mp3
160	https://d8j0ntlcm91z4.cloudfront.net/user_3FtauoFfi4aiT2rOZozLFkzeELN/hf_20261003_051433_7b6e6f13-a373-434e-aa5c-2f220ae28289.mp3
