s22	e44f5c50-d9bc-47ce-8549-c701c987f615
c4	397cc43a-3a2d-4b30-a5f3-142fa52ae807
s81	3a32c09b-3b57-4820-8a63-f04af3cbc526
s115	fa71f2a7-911d-47f7-b96c-8bc383849e86
s28	7170725d-bc7e-4f0b-ac22-b2441b346d4f
c1	cda37a31-f879-454a-ad54-7e3f5adab837
c2	04853ff8-098d-4ebf-ae5f-150c09a57c28
c3	2def9d41-2ac0-444e-b4d7-15417d47eda8
c5	9ba51be0-b546-4c10-96d2-fce5eda7d73d
c6	0ce62d21-ee97-451b-afea-8a4d27afaae1
c7	e15a3081-49e8-453b-89e7-5bd2636959cd
c8	ad4d26f4-0862-447b-ac5d-3fa5ce8834da
c9	b25d325d-83f4-4c4d-971e-80a21b74d596
c10	9057c72c-cc51-4347-94e7-20f71751bd49
c11	0c012dcf-8b43-4898-86de-1f9e5ec4c3f0
c12	93f5cb96-2ed7-4921-952b-9231256c224d
c13	6c6318b1-7e1f-4b4a-bc7b-f51b5745b408
c14	dd24fa7d-b1ce-4327-8080-a96c099b52c3
c15	e461ca52-3eff-42a9-96f0-3b7b340a0c00
c16	b81a0da9-2fa1-43d3-b43f-541a77c2a245
c17	0952b628-9e6e-4245-acc4-878d51da116a
L1	59cb882e-c334-4df7-9a72-81261caa439e
L2	37de624b-08a6-416c-a3c7-b7109a6dc9fd
L4	a2a6a606-5d62-444f-a54e-573ac5f89b71
L5	53a09e8e-3067-407a-8a65-b5db7581706d
L6	d95713d5-b01c-4034-83b6-954573244600
s19	8328c319-8153-45c7-8134-9c403a6409f7
s20	75bcfa33-76ef-4a03-9a21-624747542216
s21	b3369988-fcd0-487b-b8f5-422bd194ece4
s24	d9f3c58c-7056-4001-9f49-8aa3e2792d7e
s25	df203dd5-a99c-4df6-9438-fc043ffe99b7
s26	87dffa95-8529-47ce-adc8-5972aeaccf73
s27	3d9d0390-ca86-46d9-bc22-b1bd65c4089a
s29	95a6ba80-b9e6-4624-a83e-0d657e37e04a
s30	09ff143f-7799-4d6e-a37c-2ba9bb40b7b4
s31	bb87dd4d-be1e-45d3-bc0e-6835671147aa
s32	48d9c9f1-3058-4fba-9fc6-ee32019ba79c
s34	65d876a6-1e06-4eba-91f9-3963047f361e
s35	4b979c40-840f-468f-b987-79a11ba30838
s37	6629062b-01ff-4c62-a097-41aa82416104
s38	07ef79f5-f801-4a6e-be48-839ae9a2b762
s39	33e9cdfb-8fbe-4e69-b221-2ea8ac077d4b
s40	f98320d1-6877-4d77-b2df-cbeb02588937
s41	a72eb249-ce97-4106-9c6e-131e118d0b1c
s42	123e9a0d-3407-4f13-ab21-2169eda588f4
s43	9aa105b0-2513-4293-a694-d84cfe16113f
s44	5dae2cd7-828e-4f7a-a4e4-f088f7f823a4
s45	bb2c41d0-4e21-4e4d-aec1-97c1bc3e9c9b
s48	dd2ee74f-ab69-4d44-b0f3-af025cf47fab
s49	50816112-d857-41b5-8ab2-60bbeca6a92a
s50	3c910b7d-5664-4991-aaeb-d013341f556f
s52	7a3cccc2-0df8-46b8-bcce-e20905e083e3
s54	75b1aa78-319e-4e89-8fc7-10dadf1d86f9
s56	b991e5b2-c948-4ebd-87a1-3d78f35705c9
s57	55b2d424-e2fe-45d8-8c7c-993d86290540
s58	079f86b0-563d-4445-ae2f-a009807f1211
s59	93f6c20e-3718-4a99-9c31-4b453d08e623
s61	f7e6ff95-f90c-4a4f-a32c-860245551782
s62	2c8b33ea-505d-4c6a-b761-2661d3fde48b
s63	af26b2a6-e744-4303-825d-fb96e08478a2
s64	d091838d-7c70-44de-a452-cd94f069deb1
s65	7cef978c-7e75-4e4c-a2f9-31d621477e28
s66	6635e8a5-d831-410e-ac2b-607ede6b2427
s67	e0d6f884-29f7-46de-bc33-7949a9b3a539
s68	fd9e59e6-b366-4953-bef3-e84aa83e408c
s69	060a8ba0-5c08-4c87-8105-5633b7d09a96
s71	4fb10d7e-5313-4e95-b037-a9d5ed2ececf
s72	961396dc-4c46-4bf0-ac67-89c70af3d658
s74	b44b7058-adc0-4950-94f6-11c0d636cd3d
s75	4c5b9aca-39cf-4f4b-b474-733b6784e772
s77	7073adb2-0d94-42a6-b39a-d466b7f57b99
s78	97429823-8e89-4517-9c4e-0b9b2bd0a8ca
s79	52969dfd-2ad9-4e36-97c6-014c6fbbd7bb
s73	9a8f7dfe-93ff-4eaa-a82a-a37d640aef55
s82	e2117ab4-8664-41a6-9863-15aa7b913632
s83	5d12b729-ca7b-4dc5-a7e7-46e29ca55370
s84	d9c014ab-0828-4cc2-9853-3a665e75f638
s85	44b73215-dade-4b4b-ba1c-35b68a94b520
s86	9d360a4d-97b6-4009-92af-3d2c22902291
s87	a9a4049b-1ded-48c9-b461-58c4bd0fb7ba
s88	4caf0a6f-0c23-4a88-99e1-1300de8cbd12
s89	70e8e08f-8132-4a12-a1b7-d9762ba0c9ea
s90	f36b0e04-5764-470b-8f49-23854ebb35db
s91	8f8dcfdb-2c3a-425c-90fa-9f6ce0242e95
s92	85f3cf3c-4573-4c45-ab82-92e5d7d02e8b
s93	7c5503fc-f8e1-447f-a0ce-acbcd3f025f6
s94	f0d0ec5a-18e7-4e45-a3e9-f7e235eae3ba
s97	3ff38160-a002-4ec4-9cee-9f92fb72f12c
s98	89fa3c4d-0a28-474d-afaf-e088276425c4
s100	403fa644-22ad-437f-bedb-7b03a928d6ba
s101	d10b696d-674a-4a1d-9ba0-b66b7f9e286e
s102	f1fe513b-e761-4d85-9be0-7dcc51851be1
s104	b8129e18-6bbd-43fa-b26e-d33688edab95
s105	f413b8f9-13de-496e-bf8c-51b4b7085475
s106	e06b206f-cb46-4d48-b323-2e043bcb683e
s107	20b00ef2-4d73-424a-9a7e-2f04de55bc8f
s108	c4955f14-f591-414e-a63b-152f8649709b
s110	2721ef72-332f-4619-9cd9-1eb6535ac352
s111	e9b9a868-75ff-4210-b5e6-ff6baddcc8fd
s112	2d361c6f-1aad-4f64-b4ef-71c59bfe23b7
s113	4ae61128-a077-44aa-94bd-b6f3fc12d50d
s117	833f80ae-45fe-4073-86bd-47c297dcdace
s118	6cd2b6e4-c0ec-42eb-be8c-23c8df71ae7a
s119	21514d2e-1905-4d8d-9897-927cec7a5601
s120	8d80e844-ddc3-45c9-8bc1-61eabb9f95e6
s122	126d387b-cb66-4559-932b-c6cebeb8edce
s123	6dbea775-c0ef-4d04-8be3-44b20429bcb3
s124	2e00dae2-cb83-4967-8d33-bd936e01a84c
s125	a2a6efce-ca94-4a24-b611-d7ca0012ecb6
s126	fe0fa7c9-e2c7-456f-85b0-8fe1e674e9a4
s127	da0e6c5c-2019-4f8a-9f3b-2e7b8c69069d
s128	3024d7b4-5f2d-4c9c-819e-b7c3f1412bd5
s129	1d77bfa2-a4a6-4e17-8d66-cd9e2774aedf
s131	39f90cf3-0643-45e3-9c9e-67fe0466f8c9
s132	8ba4a2c7-dbd7-4f1d-8994-d0d6168ecbb3
s133	8be17211-a089-452c-b59e-7899d962f5f8
s136	28cbe020-8d10-4218-b703-32e08b3103be
s137	e2bfe4b1-35b4-4e32-9934-92c6dd83d502
s138	42dd373a-38c6-4cf1-b490-f6dbc712ca35
s140	46fa6ebc-a9db-4cb7-b920-8019a00424d8
s141	9d377ecb-a15e-4bcd-9fc9-d17a747c4f0d
s142	2edef843-6378-4ce5-9e9a-ef5db5845213
s143	a3047730-972f-4bc1-94ed-581a5d3ccbfd
s145	1d79b31a-ec29-4db2-a123-3731c1f2ecee
s146	e112c2ef-88f2-43d6-842c-7028729d7c42
s147	b1cda0e5-4b22-4c30-a050-7e11cebe26ee
s148	27d8c8bc-731e-461f-95b4-95a3ff1ce3ef
s150	20e5edca-4512-40ad-b1f2-16ea2b5a85d0
s153	4c9c77a5-9ee3-4328-ad64-7f9a8734065d
s154	0d43d2f8-1c5b-42c2-8a92-8761be8daaa0
s158	dd2c65e9-97c6-468f-b382-8ec89722485e
L3	970b9a6b-6f25-450c-a07b-2fcdad321aa6
