s22	https://d8j0ntlcm91z4.cloudfront.net/user_3FtauoFfi4aiT2rOZozLFkzeELN/hf_20261002_181401_e44f5c50-d9bc-47ce-8549-c701c987f615.png
c4	https://d8j0ntlcm91z4.cloudfront.net/user_3FtauoFfi4aiT2rOZozLFkzeELN/hf_20261002_181401_397cc43a-3a2d-4b30-a5f3-142fa52ae807.png
s81	https://d8j0ntlcm91z4.cloudfront.net/user_3FtauoFfi4aiT2rOZozLFkzeELN/hf_20261002_181401_3a32c09b-3b57-4820-8a63-f04af3cbc526.png
s115	https://d8j0ntlcm91z4.cloudfront.net/user_3FtauoFfi4aiT2rOZozLFkzeELN/hf_20261002_181400_fa71f2a7-911d-47f7-b96c-8bc383849e86.png
s28	https://d8j0ntlcm91z4.cloudfront.net/user_3FtauoFfi4aiT2rOZozLFkzeELN/hf_20261002_181452_7170725d-bc7e-4f0b-ac22-b2441b346d4f.png
c1	https://d8j0ntlcm91z4.cloudfront.net/user_3FtauoFfi4aiT2rOZozLFkzeELN/hf_20261002_181453_cda37a31-f879-454a-ad54-7e3f5adab837.png
c2	https://d8j0ntlcm91z4.cloudfront.net/user_3FtauoFfi4aiT2rOZozLFkzeELN/hf_20261002_181452_04853ff8-098d-4ebf-ae5f-150c09a57c28.png
c3	https://d8j0ntlcm91z4.cloudfront.net/user_3FtauoFfi4aiT2rOZozLFkzeELN/hf_20261002_181453_2def9d41-2ac0-444e-b4d7-15417d47eda8.png
c5	https://d8j0ntlcm91z4.cloudfront.net/user_3FtauoFfi4aiT2rOZozLFkzeELN/hf_20261002_181546_9ba51be0-b546-4c10-96d2-fce5eda7d73d.png
c6	https://d8j0ntlcm91z4.cloudfront.net/user_3FtauoFfi4aiT2rOZozLFkzeELN/hf_20261002_181546_0ce62d21-ee97-451b-afea-8a4d27afaae1.png
c7	https://d8j0ntlcm91z4.cloudfront.net/user_3FtauoFfi4aiT2rOZozLFkzeELN/hf_20261002_181546_e15a3081-49e8-453b-89e7-5bd2636959cd.png
c8	https://d8j0ntlcm91z4.cloudfront.net/user_3FtauoFfi4aiT2rOZozLFkzeELN/hf_20261002_181616_ad4d26f4-0862-447b-ac5d-3fa5ce8834da.png
c9	https://d8j0ntlcm91z4.cloudfront.net/user_3FtauoFfi4aiT2rOZozLFkzeELN/hf_20261002_181648_b25d325d-83f4-4c4d-971e-80a21b74d596.png
c10	https://d8j0ntlcm91z4.cloudfront.net/user_3FtauoFfi4aiT2rOZozLFkzeELN/hf_20261002_181649_9057c72c-cc51-4347-94e7-20f71751bd49.png
c11	https://d8j0ntlcm91z4.cloudfront.net/user_3FtauoFfi4aiT2rOZozLFkzeELN/hf_20261002_181649_0c012dcf-8b43-4898-86de-1f9e5ec4c3f0.png
c12	https://d8j0ntlcm91z4.cloudfront.net/user_3FtauoFfi4aiT2rOZozLFkzeELN/hf_20261002_181719_93f5cb96-2ed7-4921-952b-9231256c224d.png
c13	https://d8j0ntlcm91z4.cloudfront.net/user_3FtauoFfi4aiT2rOZozLFkzeELN/hf_20261002_181752_6c6318b1-7e1f-4b4a-bc7b-f51b5745b408.png
c14	https://d8j0ntlcm91z4.cloudfront.net/user_3FtauoFfi4aiT2rOZozLFkzeELN/hf_20261002_181752_dd24fa7d-b1ce-4327-8080-a96c099b52c3.png
c15	https://d8j0ntlcm91z4.cloudfront.net/user_3FtauoFfi4aiT2rOZozLFkzeELN/hf_20261002_181752_e461ca52-3eff-42a9-96f0-3b7b340a0c00.png
c16	https://d8j0ntlcm91z4.cloudfront.net/user_3FtauoFfi4aiT2rOZozLFkzeELN/hf_20261002_181822_b81a0da9-2fa1-43d3-b43f-541a77c2a245.png
c17	https://d8j0ntlcm91z4.cloudfront.net/user_3FtauoFfi4aiT2rOZozLFkzeELN/hf_20261002_181854_0952b628-9e6e-4245-acc4-878d51da116a.png
L1	https://d8j0ntlcm91z4.cloudfront.net/user_3FtauoFfi4aiT2rOZozLFkzeELN/hf_20261002_181855_59cb882e-c334-4df7-9a72-81261caa439e.png
L2	https://d8j0ntlcm91z4.cloudfront.net/user_3FtauoFfi4aiT2rOZozLFkzeELN/hf_20261002_181854_37de624b-08a6-416c-a3c7-b7109a6dc9fd.png
L4	https://d8j0ntlcm91z4.cloudfront.net/user_3FtauoFfi4aiT2rOZozLFkzeELN/hf_20261002_181956_a2a6a606-5d62-444f-a54e-573ac5f89b71.png
L5	https://d8j0ntlcm91z4.cloudfront.net/user_3FtauoFfi4aiT2rOZozLFkzeELN/hf_20261002_181956_53a09e8e-3067-407a-8a65-b5db7581706d.png
L6	https://d8j0ntlcm91z4.cloudfront.net/user_3FtauoFfi4aiT2rOZozLFkzeELN/hf_20261002_181955_d95713d5-b01c-4034-83b6-954573244600.png
s19	https://d8j0ntlcm91z4.cloudfront.net/user_3FtauoFfi4aiT2rOZozLFkzeELN/hf_20261002_182026_8328c319-8153-45c7-8134-9c403a6409f7.png
s20	https://d8j0ntlcm91z4.cloudfront.net/user_3FtauoFfi4aiT2rOZozLFkzeELN/hf_20261002_182058_75bcfa33-76ef-4a03-9a21-624747542216.png
s21	https://d8j0ntlcm91z4.cloudfront.net/user_3FtauoFfi4aiT2rOZozLFkzeELN/hf_20261002_182058_b3369988-fcd0-487b-b8f5-422bd194ece4.png
s24	https://d8j0ntlcm91z4.cloudfront.net/user_3FtauoFfi4aiT2rOZozLFkzeELN/hf_20261002_182059_d9f3c58c-7056-4001-9f49-8aa3e2792d7e.png
s25	https://d8j0ntlcm91z4.cloudfront.net/user_3FtauoFfi4aiT2rOZozLFkzeELN/hf_20261002_182128_df203dd5-a99c-4df6-9438-fc043ffe99b7.png
s26	https://d8j0ntlcm91z4.cloudfront.net/user_3FtauoFfi4aiT2rOZozLFkzeELN/hf_20261002_182200_87dffa95-8529-47ce-adc8-5972aeaccf73.png
s27	https://d8j0ntlcm91z4.cloudfront.net/user_3FtauoFfi4aiT2rOZozLFkzeELN/hf_20261002_182200_3d9d0390-ca86-46d9-bc22-b1bd65c4089a.png
s29	https://d8j0ntlcm91z4.cloudfront.net/user_3FtauoFfi4aiT2rOZozLFkzeELN/hf_20261002_182159_95a6ba80-b9e6-4624-a83e-0d657e37e04a.png
s30	https://d8j0ntlcm91z4.cloudfront.net/user_3FtauoFfi4aiT2rOZozLFkzeELN/hf_20261002_182229_09ff143f-7799-4d6e-a37c-2ba9bb40b7b4.png
s31	https://d8j0ntlcm91z4.cloudfront.net/user_3FtauoFfi4aiT2rOZozLFkzeELN/hf_20261002_182301_bb87dd4d-be1e-45d3-bc0e-6835671147aa.png
s32	https://d8j0ntlcm91z4.cloudfront.net/user_3FtauoFfi4aiT2rOZozLFkzeELN/hf_20261002_182301_48d9c9f1-3058-4fba-9fc6-ee32019ba79c.png
s34	https://d8j0ntlcm91z4.cloudfront.net/user_3FtauoFfi4aiT2rOZozLFkzeELN/hf_20261002_182301_65d876a6-1e06-4eba-91f9-3963047f361e.png
s35	https://d8j0ntlcm91z4.cloudfront.net/user_3FtauoFfi4aiT2rOZozLFkzeELN/hf_20261002_182332_4b979c40-840f-468f-b987-79a11ba30838.png
s37	https://d8j0ntlcm91z4.cloudfront.net/user_3FtauoFfi4aiT2rOZozLFkzeELN/hf_20261002_182405_6629062b-01ff-4c62-a097-41aa82416104.png
s38	https://d8j0ntlcm91z4.cloudfront.net/user_3FtauoFfi4aiT2rOZozLFkzeELN/hf_20261002_182405_07ef79f5-f801-4a6e-be48-839ae9a2b762.png
s39	https://d8j0ntlcm91z4.cloudfront.net/user_3FtauoFfi4aiT2rOZozLFkzeELN/hf_20261002_182406_33e9cdfb-8fbe-4e69-b221-2ea8ac077d4b.png
s40	https://d8j0ntlcm91z4.cloudfront.net/user_3FtauoFfi4aiT2rOZozLFkzeELN/hf_20261002_182437_f98320d1-6877-4d77-b2df-cbeb02588937.png
s41	https://d8j0ntlcm91z4.cloudfront.net/user_3FtauoFfi4aiT2rOZozLFkzeELN/hf_20261002_182509_a72eb249-ce97-4106-9c6e-131e118d0b1c.png
s42	https://d8j0ntlcm91z4.cloudfront.net/user_3FtauoFfi4aiT2rOZozLFkzeELN/hf_20261002_182509_123e9a0d-3407-4f13-ab21-2169eda588f4.png
s43	https://d8j0ntlcm91z4.cloudfront.net/user_3FtauoFfi4aiT2rOZozLFkzeELN/hf_20261002_182509_9aa105b0-2513-4293-a694-d84cfe16113f.png
s44	https://d8j0ntlcm91z4.cloudfront.net/user_3FtauoFfi4aiT2rOZozLFkzeELN/hf_20261002_182539_5dae2cd7-828e-4f7a-a4e4-f088f7f823a4.png
s45	https://d8j0ntlcm91z4.cloudfront.net/user_3FtauoFfi4aiT2rOZozLFkzeELN/hf_20261002_182611_bb2c41d0-4e21-4e4d-aec1-97c1bc3e9c9b.png
s48	https://d8j0ntlcm91z4.cloudfront.net/user_3FtauoFfi4aiT2rOZozLFkzeELN/hf_20261002_182611_dd2ee74f-ab69-4d44-b0f3-af025cf47fab.png
s49	https://d8j0ntlcm91z4.cloudfront.net/user_3FtauoFfi4aiT2rOZozLFkzeELN/hf_20261002_182612_50816112-d857-41b5-8ab2-60bbeca6a92a.png
s50	https://d8j0ntlcm91z4.cloudfront.net/user_3FtauoFfi4aiT2rOZozLFkzeELN/hf_20261002_182641_3c910b7d-5664-4991-aaeb-d013341f556f.png
s52	https://d8j0ntlcm91z4.cloudfront.net/user_3FtauoFfi4aiT2rOZozLFkzeELN/hf_20261002_182714_7a3cccc2-0df8-46b8-bcce-e20905e083e3.png
s54	https://d8j0ntlcm91z4.cloudfront.net/user_3FtauoFfi4aiT2rOZozLFkzeELN/hf_20261002_182713_75b1aa78-319e-4e89-8fc7-10dadf1d86f9.png
s56	https://d8j0ntlcm91z4.cloudfront.net/user_3FtauoFfi4aiT2rOZozLFkzeELN/hf_20261002_182714_b991e5b2-c948-4ebd-87a1-3d78f35705c9.png
s57	https://d8j0ntlcm91z4.cloudfront.net/user_3FtauoFfi4aiT2rOZozLFkzeELN/hf_20261002_182743_55b2d424-e2fe-45d8-8c7c-993d86290540.png
s58	https://d8j0ntlcm91z4.cloudfront.net/user_3FtauoFfi4aiT2rOZozLFkzeELN/hf_20261002_182816_079f86b0-563d-4445-ae2f-a009807f1211.png
s59	https://d8j0ntlcm91z4.cloudfront.net/user_3FtauoFfi4aiT2rOZozLFkzeELN/hf_20261002_182815_93f6c20e-3718-4a99-9c31-4b453d08e623.png
s61	https://d8j0ntlcm91z4.cloudfront.net/user_3FtauoFfi4aiT2rOZozLFkzeELN/hf_20261002_182816_f7e6ff95-f90c-4a4f-a32c-860245551782.png
s62	https://d8j0ntlcm91z4.cloudfront.net/user_3FtauoFfi4aiT2rOZozLFkzeELN/hf_20261002_182845_2c8b33ea-505d-4c6a-b761-2661d3fde48b.png
s63	https://d8j0ntlcm91z4.cloudfront.net/user_3FtauoFfi4aiT2rOZozLFkzeELN/hf_20261002_182917_af26b2a6-e744-4303-825d-fb96e08478a2.png
s64	https://d8j0ntlcm91z4.cloudfront.net/user_3FtauoFfi4aiT2rOZozLFkzeELN/hf_20261002_182916_d091838d-7c70-44de-a452-cd94f069deb1.png
s65	https://d8j0ntlcm91z4.cloudfront.net/user_3FtauoFfi4aiT2rOZozLFkzeELN/hf_20261002_182917_7cef978c-7e75-4e4c-a2f9-31d621477e28.png
s66	https://d8j0ntlcm91z4.cloudfront.net/user_3FtauoFfi4aiT2rOZozLFkzeELN/hf_20261002_182946_6635e8a5-d831-410e-ac2b-607ede6b2427.png
s67	https://d8j0ntlcm91z4.cloudfront.net/user_3FtauoFfi4aiT2rOZozLFkzeELN/hf_20261002_183018_e0d6f884-29f7-46de-bc33-7949a9b3a539.png
s68	https://d8j0ntlcm91z4.cloudfront.net/user_3FtauoFfi4aiT2rOZozLFkzeELN/hf_20261002_183019_fd9e59e6-b366-4953-bef3-e84aa83e408c.png
s69	https://d8j0ntlcm91z4.cloudfront.net/user_3FtauoFfi4aiT2rOZozLFkzeELN/hf_20261002_183018_060a8ba0-5c08-4c87-8105-5633b7d09a96.png
s71	https://d8j0ntlcm91z4.cloudfront.net/user_3FtauoFfi4aiT2rOZozLFkzeELN/hf_20261002_183053_4fb10d7e-5313-4e95-b037-a9d5ed2ececf.png
s72	https://d8j0ntlcm91z4.cloudfront.net/user_3FtauoFfi4aiT2rOZozLFkzeELN/hf_20261002_183126_961396dc-4c46-4bf0-ac67-89c70af3d658.png
s74	https://d8j0ntlcm91z4.cloudfront.net/user_3FtauoFfi4aiT2rOZozLFkzeELN/hf_20261002_183126_b44b7058-adc0-4950-94f6-11c0d636cd3d.png
s75	https://d8j0ntlcm91z4.cloudfront.net/user_3FtauoFfi4aiT2rOZozLFkzeELN/hf_20261002_183156_4c5b9aca-39cf-4f4b-b474-733b6784e772.png
s77	https://d8j0ntlcm91z4.cloudfront.net/user_3FtauoFfi4aiT2rOZozLFkzeELN/hf_20261002_183226_7073adb2-0d94-42a6-b39a-d466b7f57b99.png
s78	https://d8j0ntlcm91z4.cloudfront.net/user_3FtauoFfi4aiT2rOZozLFkzeELN/hf_20261002_183227_97429823-8e89-4517-9c4e-0b9b2bd0a8ca.png
s79	https://d8j0ntlcm91z4.cloudfront.net/user_3FtauoFfi4aiT2rOZozLFkzeELN/hf_20261002_183258_52969dfd-2ad9-4e36-97c6-014c6fbbd7bb.png
s73	https://d8j0ntlcm91z4.cloudfront.net/user_3FtauoFfi4aiT2rOZozLFkzeELN/hf_20261002_183126_9a8f7dfe-93ff-4eaa-a82a-a37d640aef55.png
s82	https://d8j0ntlcm91z4.cloudfront.net/user_3FtauoFfi4aiT2rOZozLFkzeELN/hf_20261002_183328_e2117ab4-8664-41a6-9863-15aa7b913632.png
s83	https://d8j0ntlcm91z4.cloudfront.net/user_3FtauoFfi4aiT2rOZozLFkzeELN/hf_20261002_183329_5d12b729-ca7b-4dc5-a7e7-46e29ca55370.png
s84	https://d8j0ntlcm91z4.cloudfront.net/user_3FtauoFfi4aiT2rOZozLFkzeELN/hf_20261002_183359_d9c014ab-0828-4cc2-9853-3a665e75f638.png
s85	https://d8j0ntlcm91z4.cloudfront.net/user_3FtauoFfi4aiT2rOZozLFkzeELN/hf_20261002_183431_44b73215-dade-4b4b-ba1c-35b68a94b520.png
s86	https://d8j0ntlcm91z4.cloudfront.net/user_3FtauoFfi4aiT2rOZozLFkzeELN/hf_20261002_183430_9d360a4d-97b6-4009-92af-3d2c22902291.png
s87	https://d8j0ntlcm91z4.cloudfront.net/user_3FtauoFfi4aiT2rOZozLFkzeELN/hf_20261002_183430_a9a4049b-1ded-48c9-b461-58c4bd0fb7ba.png
s88	https://d8j0ntlcm91z4.cloudfront.net/user_3FtauoFfi4aiT2rOZozLFkzeELN/hf_20261002_183500_4caf0a6f-0c23-4a88-99e1-1300de8cbd12.png
s89	https://d8j0ntlcm91z4.cloudfront.net/user_3FtauoFfi4aiT2rOZozLFkzeELN/hf_20261002_183533_70e8e08f-8132-4a12-a1b7-d9762ba0c9ea.png
s90	https://d8j0ntlcm91z4.cloudfront.net/user_3FtauoFfi4aiT2rOZozLFkzeELN/hf_20261002_183532_f36b0e04-5764-470b-8f49-23854ebb35db.png
s91	https://d8j0ntlcm91z4.cloudfront.net/user_3FtauoFfi4aiT2rOZozLFkzeELN/hf_20261002_183533_8f8dcfdb-2c3a-425c-90fa-9f6ce0242e95.png
s92	https://d8j0ntlcm91z4.cloudfront.net/user_3FtauoFfi4aiT2rOZozLFkzeELN/hf_20261002_183603_85f3cf3c-4573-4c45-ab82-92e5d7d02e8b.png
s93	https://d8j0ntlcm91z4.cloudfront.net/user_3FtauoFfi4aiT2rOZozLFkzeELN/hf_20261002_183635_7c5503fc-f8e1-447f-a0ce-acbcd3f025f6.png
s94	https://d8j0ntlcm91z4.cloudfront.net/user_3FtauoFfi4aiT2rOZozLFkzeELN/hf_20261002_183635_f0d0ec5a-18e7-4e45-a3e9-f7e235eae3ba.png
s97	https://d8j0ntlcm91z4.cloudfront.net/user_3FtauoFfi4aiT2rOZozLFkzeELN/hf_20261002_183636_3ff38160-a002-4ec4-9cee-9f92fb72f12c.png
s98	https://d8j0ntlcm91z4.cloudfront.net/user_3FtauoFfi4aiT2rOZozLFkzeELN/hf_20261002_183706_89fa3c4d-0a28-474d-afaf-e088276425c4.png
s100	https://d8j0ntlcm91z4.cloudfront.net/user_3FtauoFfi4aiT2rOZozLFkzeELN/hf_20261002_183747_403fa644-22ad-437f-bedb-7b03a928d6ba.png
s101	https://d8j0ntlcm91z4.cloudfront.net/user_3FtauoFfi4aiT2rOZozLFkzeELN/hf_20261002_183747_d10b696d-674a-4a1d-9ba0-b66b7f9e286e.png
s102	https://d8j0ntlcm91z4.cloudfront.net/user_3FtauoFfi4aiT2rOZozLFkzeELN/hf_20261002_183746_f1fe513b-e761-4d85-9be0-7dcc51851be1.png
s104	https://d8j0ntlcm91z4.cloudfront.net/user_3FtauoFfi4aiT2rOZozLFkzeELN/hf_20261002_183816_b8129e18-6bbd-43fa-b26e-d33688edab95.png
s105	https://d8j0ntlcm91z4.cloudfront.net/user_3FtauoFfi4aiT2rOZozLFkzeELN/hf_20261002_183850_f413b8f9-13de-496e-bf8c-51b4b7085475.png
s106	https://d8j0ntlcm91z4.cloudfront.net/user_3FtauoFfi4aiT2rOZozLFkzeELN/hf_20261002_183851_e06b206f-cb46-4d48-b323-2e043bcb683e.png
s107	https://d8j0ntlcm91z4.cloudfront.net/user_3FtauoFfi4aiT2rOZozLFkzeELN/hf_20261002_183850_20b00ef2-4d73-424a-9a7e-2f04de55bc8f.png
s108	https://d8j0ntlcm91z4.cloudfront.net/user_3FtauoFfi4aiT2rOZozLFkzeELN/hf_20261002_183920_c4955f14-f591-414e-a63b-152f8649709b.png
s110	https://d8j0ntlcm91z4.cloudfront.net/user_3FtauoFfi4aiT2rOZozLFkzeELN/hf_20261002_183957_2721ef72-332f-4619-9cd9-1eb6535ac352.png
s111	https://d8j0ntlcm91z4.cloudfront.net/user_3FtauoFfi4aiT2rOZozLFkzeELN/hf_20261002_183958_e9b9a868-75ff-4210-b5e6-ff6baddcc8fd.png
s112	https://d8j0ntlcm91z4.cloudfront.net/user_3FtauoFfi4aiT2rOZozLFkzeELN/hf_20261002_183958_2d361c6f-1aad-4f64-b4ef-71c59bfe23b7.png
s113	https://d8j0ntlcm91z4.cloudfront.net/user_3FtauoFfi4aiT2rOZozLFkzeELN/hf_20261002_184037_4ae61128-a077-44aa-94bd-b6f3fc12d50d.png
s117	https://d8j0ntlcm91z4.cloudfront.net/user_3FtauoFfi4aiT2rOZozLFkzeELN/hf_20261002_184110_833f80ae-45fe-4073-86bd-47c297dcdace.png
s118	https://d8j0ntlcm91z4.cloudfront.net/user_3FtauoFfi4aiT2rOZozLFkzeELN/hf_20261002_184111_6cd2b6e4-c0ec-42eb-be8c-23c8df71ae7a.png
s119	https://d8j0ntlcm91z4.cloudfront.net/user_3FtauoFfi4aiT2rOZozLFkzeELN/hf_20261002_184110_21514d2e-1905-4d8d-9897-927cec7a5601.png
s120	https://d8j0ntlcm91z4.cloudfront.net/user_3FtauoFfi4aiT2rOZozLFkzeELN/hf_20261002_184140_8d80e844-ddc3-45c9-8bc1-61eabb9f95e6.png
s122	https://d8j0ntlcm91z4.cloudfront.net/user_3FtauoFfi4aiT2rOZozLFkzeELN/hf_20261002_184214_126d387b-cb66-4559-932b-c6cebeb8edce.png
s123	https://d8j0ntlcm91z4.cloudfront.net/user_3FtauoFfi4aiT2rOZozLFkzeELN/hf_20261002_184213_6dbea775-c0ef-4d04-8be3-44b20429bcb3.png
s124	https://d8j0ntlcm91z4.cloudfront.net/user_3FtauoFfi4aiT2rOZozLFkzeELN/hf_20261002_184213_2e00dae2-cb83-4967-8d33-bd936e01a84c.png
s125	https://d8j0ntlcm91z4.cloudfront.net/user_3FtauoFfi4aiT2rOZozLFkzeELN/hf_20261002_184245_a2a6efce-ca94-4a24-b611-d7ca0012ecb6.png
s126	https://d8j0ntlcm91z4.cloudfront.net/user_3FtauoFfi4aiT2rOZozLFkzeELN/hf_20261002_184319_fe0fa7c9-e2c7-456f-85b0-8fe1e674e9a4.png
s127	https://d8j0ntlcm91z4.cloudfront.net/user_3FtauoFfi4aiT2rOZozLFkzeELN/hf_20261002_184320_da0e6c5c-2019-4f8a-9f3b-2e7b8c69069d.png
s128	https://d8j0ntlcm91z4.cloudfront.net/user_3FtauoFfi4aiT2rOZozLFkzeELN/hf_20261002_184319_3024d7b4-5f2d-4c9c-819e-b7c3f1412bd5.png
s129	https://d8j0ntlcm91z4.cloudfront.net/user_3FtauoFfi4aiT2rOZozLFkzeELN/hf_20261002_184350_1d77bfa2-a4a6-4e17-8d66-cd9e2774aedf.png
s131	https://d8j0ntlcm91z4.cloudfront.net/user_3FtauoFfi4aiT2rOZozLFkzeELN/hf_20261002_184425_39f90cf3-0643-45e3-9c9e-67fe0466f8c9.png
s132	https://d8j0ntlcm91z4.cloudfront.net/user_3FtauoFfi4aiT2rOZozLFkzeELN/hf_20261002_184426_8ba4a2c7-dbd7-4f1d-8994-d0d6168ecbb3.png
s133	https://d8j0ntlcm91z4.cloudfront.net/user_3FtauoFfi4aiT2rOZozLFkzeELN/hf_20261002_184424_8be17211-a089-452c-b59e-7899d962f5f8.png
s136	https://d8j0ntlcm91z4.cloudfront.net/user_3FtauoFfi4aiT2rOZozLFkzeELN/hf_20261002_184456_28cbe020-8d10-4218-b703-32e08b3103be.png
s137	https://d8j0ntlcm91z4.cloudfront.net/user_3FtauoFfi4aiT2rOZozLFkzeELN/hf_20261002_184529_e2bfe4b1-35b4-4e32-9934-92c6dd83d502.png
s138	https://d8j0ntlcm91z4.cloudfront.net/user_3FtauoFfi4aiT2rOZozLFkzeELN/hf_20261002_184530_42dd373a-38c6-4cf1-b490-f6dbc712ca35.png
s140	https://d8j0ntlcm91z4.cloudfront.net/user_3FtauoFfi4aiT2rOZozLFkzeELN/hf_20261002_184530_46fa6ebc-a9db-4cb7-b920-8019a00424d8.png
s141	https://d8j0ntlcm91z4.cloudfront.net/user_3FtauoFfi4aiT2rOZozLFkzeELN/hf_20261002_184601_9d377ecb-a15e-4bcd-9fc9-d17a747c4f0d.png
s142	https://d8j0ntlcm91z4.cloudfront.net/user_3FtauoFfi4aiT2rOZozLFkzeELN/hf_20261002_184635_2edef843-6378-4ce5-9e9a-ef5db5845213.png
s143	https://d8j0ntlcm91z4.cloudfront.net/user_3FtauoFfi4aiT2rOZozLFkzeELN/hf_20261002_184634_a3047730-972f-4bc1-94ed-581a5d3ccbfd.png
s145	https://d8j0ntlcm91z4.cloudfront.net/user_3FtauoFfi4aiT2rOZozLFkzeELN/hf_20261002_184635_1d79b31a-ec29-4db2-a123-3731c1f2ecee.png
s146	https://d8j0ntlcm91z4.cloudfront.net/user_3FtauoFfi4aiT2rOZozLFkzeELN/hf_20261002_184705_e112c2ef-88f2-43d6-842c-7028729d7c42.png
s147	https://d8j0ntlcm91z4.cloudfront.net/user_3FtauoFfi4aiT2rOZozLFkzeELN/hf_20261002_184738_b1cda0e5-4b22-4c30-a050-7e11cebe26ee.png
s148	https://d8j0ntlcm91z4.cloudfront.net/user_3FtauoFfi4aiT2rOZozLFkzeELN/hf_20261002_184739_27d8c8bc-731e-461f-95b4-95a3ff1ce3ef.png
s150	https://d8j0ntlcm91z4.cloudfront.net/user_3FtauoFfi4aiT2rOZozLFkzeELN/hf_20261002_184739_20e5edca-4512-40ad-b1f2-16ea2b5a85d0.png
s153	https://d8j0ntlcm91z4.cloudfront.net/user_3FtauoFfi4aiT2rOZozLFkzeELN/hf_20261002_184811_4c9c77a5-9ee3-4328-ad64-7f9a8734065d.png
s154	https://d8j0ntlcm91z4.cloudfront.net/user_3FtauoFfi4aiT2rOZozLFkzeELN/hf_20261002_184844_0d43d2f8-1c5b-42c2-8a92-8761be8daaa0.png
s158	https://d8j0ntlcm91z4.cloudfront.net/user_3FtauoFfi4aiT2rOZozLFkzeELN/hf_20261002_184843_dd2c65e9-97c6-468f-b382-8ec89722485e.png
L3	https://d8j0ntlcm91z4.cloudfront.net/user_3FtauoFfi4aiT2rOZozLFkzeELN/hf_20261002_185227_970b9a6b-6f25-450c-a07b-2fcdad321aa6.png
D0	https://d8j0ntlcm91z4.cloudfront.net/user_3FtauoFfi4aiT2rOZozLFkzeELN/hf_20261002_181215_adf1a7aa-8042-4b8c-8ca7-198987496702.png
