1	COLD OPEN	It's 5:40 on a Saturday morning, and you're on your knees behind a row of dryers with a flashlight in your teeth.
2	COLD OPEN	The floor is cold. The vent you're cleaning is packed with a gray felt of lint as thick as a winter glove.
3	COLD OPEN	Your sweatshirt is eleven years old. There's a hole in the cuff you keep meaning to sew. Behind you, the front door chimes.
4	COLD OPEN	A college kid drags in a garbage bag full of clothes, looks around, and spots you on the floor.
5	COLD OPEN	"Hey, do you work here? The change machine ate my five."
6	COLD OPEN	You stand up, wipe your hands on your jeans, open the machine with a key from your ring, and hand him five singles.
7	COLD OPEN	"Yeah," you say. "I work here." He says thanks and turns away. He'll never think about you again.
8	COLD OPEN	Your cousin Tyson will be awake in about four hours.
9	COLD OPEN	He'll post a photo from the driver's seat of a black German sedan he leases for nine hundred and forty dollars a month.
10	COLD OPEN	Last week he posted from a rooftop bar. The caption said, "Built different." Tyson thinks you fix washing machines for a living.
11	COLD OPEN	At family dinners, he slides you the check and says, "I got it, cuz. You're saving up, right?"
12	COLD OPEN	Here's what Tyson doesn't know. The laundromat you're standing in is yours. So are thirty-seven others, across four cities.
13	COLD OPEN	So are nineteen of the buildings they sit inside. Last year, your company did a little over eleven million dollars in revenue.
14	COLD OPEN	Your share of what it's worth, on a conservative day, is about twenty-three million. Tyson's credit card balance is somewhere north of thirty-one thousand.
15	COLD OPEN	He told you once, after a few drinks, and then never mentioned it again. You look poorer than you are.
16	COLD OPEN	Tyson looks richer than he is. And nobody at that family dinner table knows either thing. You didn't plan any of this.
17	COLD OPEN	Seventeen years ago, you couldn't afford to do your own laundry. This is the story of how that changed, and what it cost you along the way.
18	LEVEL ONE	Level One. The jar of quarters.
19	LEVEL ONE	You're twenty-four. You fix commercial washers and dryers for a route company that services apartment buildings. Twenty-one dollars an hour.
20	LEVEL ONE	A van that smells like detergent and burnt belts. Your apartment doesn't have a washer.
21	LEVEL ONE	So every Sunday night, you carry a duffel bag four blocks to a place called Sunny Wash. Sunny Wash is tired.
22	LEVEL ONE	Half the dryers have handwritten "OUT OF ORDER" signs. The fluorescent lights buzz. The floor has a crack shaped like a lightning bolt.
23	LEVEL ONE	The owner is a woman named Dolores. Sixty-eight. Reading glasses on a beaded chain. She sits behind the counter with a crossword and a coffee can full of quarters.
24	LEVEL ONE	One night, dryer number six stops mid-cycle with your clothes still wet. You don't complain.
25	LEVEL ONE	You pull the back panel off with the screwdriver on your keychain, find a snapped belt, and tell her the part number.
26	LEVEL ONE	Dolores puts down her crossword. "You know machines," she says. "It's my job." "Then fix the other four," she says, "and you'll never pay for a wash in here again."
27	LEVEL ONE	So you do. It takes three Sundays. On the third one, she pours you coffee from a thermos and turns her ledger around so you can see it.
28	LEVEL ONE	Real numbers, written in blue pen. "People think this is a coin business," she says. "It's not. It's a water and electricity business.
29	LEVEL ONE	Every load costs me about forty cents to run. I charge three dollars and twenty-five cents. Nobody negotiates.
30	LEVEL ONE	Nobody sends an invoice thirty days late. They pay before the machine even starts." You stare at the page.
31	LEVEL ONE	On a good month, a broken-down place like Sunny Wash still clears about eight thousand dollars after every bill.
32	LEVEL ONE	"Why don't you fix it up?" you ask. "I'm tired," she says. "My husband ran this. He's been gone four years.
33	LEVEL ONE	I keep it open because closing it feels like losing him twice." That night, you go home and do something you've never done.
34	LEVEL ONE	You open a separate savings account and name it "Machines." You set up an automatic transfer. Two hundred dollars, every payday.
35	LEVEL ONE	It isn't exciting. It isn't supposed to be. It's just money you've decided you will never see.
36	LEVEL TWO	Level Two. The laundromat nobody wanted.
37	LEVEL TWO	Two years later, Dolores calls you on a Tuesday. "I'm selling," she says. "A guy from a big chain came by.
38	LEVEL TWO	He wants the corner for a phone store. He'd close the laundromat the day he got the keys."
39	LEVEL TWO	"How much is he offering?" "Three hundred and ten thousand." You do the math in your head. The business clears about ninety-six thousand dollars a year.
40	LEVEL TWO	Small laundromats like hers usually sell for three to four times what they clear. So the price isn't crazy.
41	LEVEL TWO	It's actually fair. The problem is you have forty-four thousand dollars in your "Machines" account. You almost say no.
42	LEVEL TWO	Then you remember something your boss said once, on a service call at a retirement community. "Nobody pays cash for a business.
43	LEVEL TWO	The business pays for itself." So you learn how small business loans actually work. You read everything.
44	LEVEL TWO	You sit with a loan officer named Gary at a community bank, in a tie you bought that morning.
45	LEVEL TWO	Here's the deal you build. You put down thirty-one thousand dollars, ten percent.
46	LEVEL TWO	The bank lends two hundred and thirty-two thousand, backed by a government small business program and paid over ten years.
47	LEVEL TWO	Dolores carries the last forty-seven thousand herself, as a seller note. You pay her every month, with interest, out of the laundromat's own cash.
48	LEVEL TWO	"Why would I take payments when the chain is offering cash?" Dolores asks. "Because the chain will tear it down," you say.
49	LEVEL TWO	"I'll keep the name. And I'll keep Rosa." Rosa is the attendant who's folded laundry at Sunny Wash for fourteen years.
50	LEVEL TWO	Dolores is quiet for a long time. Then she signs. That's the first thing you learn about buying businesses.
51	LEVEL TWO	Price matters. But for a lot of owners, what happens to the place after they leave matters more.
52	LEVEL TWO	You keep thirteen thousand dollars as a cushion, because Dolores gave you one rule before handing over the keys.
53	LEVEL TWO	"Never buy a business with your last dollar," she says. "Machines break on the worst possible day." She's right.
54	LEVEL TWO	Your first week as an owner, the main water heater dies. Two thousand nine hundred dollars, installed.
55	LEVEL TWO	If you'd spent your last dollar on the down payment, Sunny Wash would have closed in its first week under your name.
56	LEVEL TWO	Your first full month, you write every number into a notebook. Water and sewer, two thousand one hundred dollars.
57	LEVEL TWO	Gas for the dryers, one thousand eight hundred. Electricity, one thousand three hundred. Rosa's pay, insurance, the bank loan, Dolores's note, repairs.
58	LEVEL TWO	Revenue that month is twenty-two thousand four hundred dollars. After every single bill, you keep six thousand two hundred.
59	LEVEL TWO	It's the first time in your life money has come in while you were asleep.
60	LEVEL THREE	Level Three. The years nothing happened.
61	LEVEL THREE	Nothing dramatic happens for a long time. You keep your day job for the first eighteen months. Nights and weekends, you're at Sunny Wash.
62	LEVEL THREE	You fix every machine. You replace the buzzing lights with bright LEDs. You patch the lightning bolt crack in the floor.
63	LEVEL THREE	You put in card readers so people don't need quarters, and the average customer starts spending more, because a card doesn't run out the way a pocketful of coins does.
64	LEVEL THREE	Then you add something Dolores never had: wash and fold. People drop off a bag in the morning and pick it up folded by evening.
65	LEVEL THREE	You charge by the pound. Rosa runs it, and you give her a raise and a share of every pound.
66	LEVEL THREE	In year one, Sunny Wash clears ninety-six thousand dollars. In year three, it clears one hundred and sixty-one thousand.
67	LEVEL THREE	Same building. Same corner. Same lightning bolt in the floor, just filled in. Nobody sees this happen. There's no moment to announce.
68	LEVEL THREE	That same year, Tyson leases his first luxury car. Six hundred and eighty dollars a month. He picks you up from a family barbecue and taps the dashboard screen.
69	LEVEL THREE	"You should get one of these," he says. "Life's short. You can afford it, can't you?" "Probably," you say.
70	LEVEL THREE	You mean it. You could afford it. But by now you've done a different kind of math.
71	LEVEL THREE	That six hundred and eighty a month, sent to a laundromat instead of a lease, could buy a used commercial washer every two months.
72	LEVEL THREE	And a commercial washer, in a good location, earns back its own price in about two years and keeps earning for fifteen.
73	LEVEL THREE	A car loses value the day you drive it home. A washer pays you every single time somebody does a load.
74	LEVEL THREE	You don't explain any of this to Tyson. He wouldn't want to hear it. And honestly, it isn't your business how he spends his money.
75	LEVEL THREE	At twenty-nine, you finally quit the route company. Your boss shakes your hand and says, "Call me if it doesn't work out."
76	LEVEL THREE	You never call.
77	LEVEL THREE	But you do send him a card every Christmas, because he taught you the one thing that made all of this possible: how to fix a machine instead of replacing it.
78	LEVEL THREE	By then, you've paid Dolores every cent of her note, on time, every month. On the last payment, she mails you back a postcard.
79	LEVEL THREE	On the front is a picture of a beach. On the back she's written, "Told you machines pay."
80	LEVEL FOUR	Level Four. The bad year.
81	LEVEL FOUR	You're thirty-one when the chain comes back. They don't buy you out. They open a brand-new location three blocks away.
82	LEVEL FOUR	It's called SpinCity. Glass front. Fifty machines. A phone app. A grand opening with a DJ and free detergent for a month.
83	LEVEL FOUR	In the first sixty days, your revenue drops twenty-eight percent. Your bank payment doesn't drop. Your payment to Dolores doesn't drop.
84	LEVEL FOUR	Rosa's paycheck doesn't drop. Every instinct you have says cut prices. Match them. Fight. You call Dolores. She's seventy-five now, and still does the crossword in pen.
85	LEVEL FOUR	"Don't race them to the bottom," she says. "They have more money than you. You'll lose that race.
86	LEVEL FOUR	Find the customers they can't be bothered with." So you do something boring. You drive around and knock on doors.
87	LEVEL FOUR	A gym with three hundred towels a day. Two vacation rental hosts who turn over sheets every weekend.
88	LEVEL FOUR	A small nursing home with a broken laundry room. A barbershop. A yoga studio. You offer pickup, wash, fold, and delivery.
89	LEVEL FOUR	Commercial accounts, monthly invoices, simple contracts. Here's why that matters. Walk-in customers come and go.
90	LEVEL FOUR	A commercial account with a nursing home comes every single day, whether the economy is good or bad, whether there's a shiny new laundromat down the street or not.
91	LEVEL FOUR	Within a year, commercial accounts are thirty-four percent of your revenue. Sunny Wash is clearing more than it ever did before SpinCity opened.
92	LEVEL FOUR	Eighteen months later, SpinCity's parent company, buried in debt from opening too many stores too fast, closes four locations.
93	LEVEL FOUR	Including the one three blocks away. You buy its fifty machines at auction for nineteen cents on the dollar.
94	LEVEL FOUR	You write a new line in the notebook you've started keeping, the way Dolores kept her ledger. "Don't fight the loud competitor.
95	LEVEL FOUR	Serve the customers they ignore."
96	LEVEL FIVE	Level Five. The quiet roll-up.
97	LEVEL FIVE	By thirty-four, Sunny Wash, its second location, and its commercial route are clearing about four hundred thousand dollars a year.
98	LEVEL FIVE	And you've noticed something. Laundromat owners are old. Most of them bought their stores in the nineteen-eighties and nineties.
99	LEVEL FIVE	Their kids don't want them. Like Dolores, they're tired. They don't trust big chains. They've seen what chains do to neighborhoods.
100	LEVEL FIVE	They want to sell to someone who will keep the name, keep the staff, and keep the doors open.
101	LEVEL FIVE	Someone like you. You form a holding company. You name it Northgate Laundry Group, after the street your first apartment was on.
102	LEVEL FIVE	It doesn't appear on a single sign. Every store keeps its old name. Sunny Wash. Bubbles on Fifth.
103	LEVEL FIVE	The Spin Cycle. Corner Coin Wash. Customers never notice anything changed except that the machines suddenly all work.
104	LEVEL FIVE	There's a second reason you buy quietly, and it's the part most people miss.
105	LEVEL FIVE	A single neighborhood laundromat, owned by one tired person, usually sells for three or four times what it clears in a year.
106	LEVEL FIVE	But a group of twenty laundromats, with managers, systems, and clean books, sells for something closer to six or seven times.
107	LEVEL FIVE	Same washers. Same quarters. Same dryer lint.
108	LEVEL FIVE	So every time you buy a tired owner's store for three and a half times its profit and fold it into Northgate, that store becomes worth almost twice as much, simply because of the company it now belongs to.
109	LEVEL FIVE	You never had to make a single extra dollar for that to happen. And you follow one new rule, the most important one you'll ever make.
110	LEVEL FIVE	Whenever you can, buy the building too. Here's why.
111	LEVEL FIVE	When you only own the laundromat, you pay rent to a landlord, and the landlord can raise it, or refuse to renew your lease, or sell to a developer.
112	LEVEL FIVE	When you own the building, the laundromat pays rent to another company you own. The rent stays in the family.
113	LEVEL FIVE	And over time, the building itself gets more valuable, while the loan on it gets smaller. You do it the same way every time.
114	LEVEL FIVE	Ten to twenty percent down. A bank loan backed by the store's cash flow. The seller carries a note when they're willing.
115	LEVEL FIVE	Store four. Store seven. Store twelve. Not every deal works. Store nine is a beautiful location near a college campus, and the owner won't sell the building, only the business.
116	LEVEL FIVE	You buy it anyway. It's a great store. For three years it clears more than any other location you own.
117	LEVEL FIVE	Then the lease comes up for renewal. The landlord has watched your lines out the door every Sunday.
118	LEVEL FIVE	He triples the rent. You run the numbers twenty different ways. None of them work.
119	LEVEL FIVE	You move all thirty-two machines to a smaller spot two blocks over, and the whole thing costs you one hundred and forty thousand dollars and four months of revenue.
120	LEVEL FIVE	You write it in the notebook, underlined twice. "If you don't own the dirt, you don't own the business.
121	LEVEL FIVE	You're renting it." From then on, you almost never buy a store without its building again. By thirty-eight, Northgate owns twenty-two laundromats and eleven of the buildings.
122	LEVEL FIVE	Every store gets the same playbook within ninety days: card readers, LED lighting, wash and fold, commercial delivery, and a manager who owns a small share of their store's profit.
123	LEVEL FIVE	Rosa, who's been with you since Sunny Wash, runs operations for all of them. Tyson, meanwhile, is on his third leased car.
124	LEVEL FIVE	He's started a sneaker reselling business. He asks if you want to invest. "Ten grand and I'll double it in six months, guaranteed."
125	LEVEL FIVE	You tell him you'll think about it. You don't, because nothing that's guaranteed to double in six months ever is.
126	LEVEL FIVE	Two years later, the sneaker market crashes. The bank repossesses Tyson's car from the parking lot of his apartment at six in the morning.
127	LEVEL FIVE	He calls you that afternoon, embarrassed, asking if you can lend him four thousand dollars until things turn around.
128	LEVEL FIVE	You don't lend him the money. Instead, you offer him a job driving one of the commercial delivery vans.
129	LEVEL FIVE	Thirty-one dollars an hour, benefits, and a share of every new account he signs. He's quiet for a long time.
130	LEVEL FIVE	Then he says yes. He's good at it.
131	LEVEL FIVE	It turns out the same thing that made Tyson great at posting photos makes him great at walking into a gym and talking the owner into a laundry contract.
132	LEVEL FIVE	Within a year, he's signed nineteen new commercial accounts. He still has no idea you own the company.
133	LEVEL FIVE	As far as he knows, his boss is Rosa. He's leased another German sedan since. Some things don't change, and that's fine.
134	LEVEL FIVE	It's his money.
135	LEVEL SIX	Level Six. The phone call you didn't take.
136	LEVEL SIX	You're forty-one when a private equity firm calls. They've been buying up laundromat chains across the country, and they've done the math on you.
137	LEVEL SIX	They offer fifteen million dollars for everything. It's more money than anyone in your family has ever seen.
138	LEVEL SIX	You call Dolores. She's eighty-four now. She lives with her daughter and still does the crossword, though not in pen anymore.
139	LEVEL SIX	"What do they want it for?" she asks. "To grow it for five years, then sell it to someone even bigger."
140	LEVEL SIX	She laughs, a little. "Honey, nobody buys a laundromat to sell it for less. If it's worth fifteen to them today, it's worth more to you tomorrow."
141	LEVEL SIX	You don't sell. Instead, you sell them something else. You sell a minority stake in the operating company for four point two million dollars, and you keep every single building.
142	LEVEL SIX	You use part of the money to pay off the highest-interest loans. You use the rest to buy six more stores.
143	LEVEL SIX	That's the quiet secret of the whole thing. The laundromats make the money. The buildings hold the money.
144	LEVEL SIX	And the buildings keep going up in value whether anybody's doing laundry on a Tuesday or not. Today, Northgate owns thirty-eight laundromats and nineteen buildings.
145	LEVEL SIX	The business pays you a salary that would make Tyson's jaw drop. You still drive a fourteen-year-old pickup.
146	LEVEL SIX	Dolores died last spring. At the funeral, her daughter handed you an envelope.
147	LEVEL SIX	Inside was a page torn from that old blue-pen ledger, the one she turned around for you that Sunday night.
148	LEVEL SIX	In the margin, in shaky handwriting, she'd written one line. "He fixed dryer six for free. Sell it to him."
149	CLOSE	Which brings you back to 5:40 on a Saturday morning, on your knees behind a row of dryers.
150	CLOSE	You don't have to clean the vents yourself anymore. You have people for that. Good people who get paid well.
151	CLOSE	But once a month, you come in early and do it anyway. It reminds you what the business actually is.
152	CLOSE	Water, electricity, machines that work, and people who show up. Tonight, Tyson will slide you the check at dinner again.
153	CLOSE	"I got it, cuz." You'll let him. It makes him happy. And here's what a broken dryer taught you.
154	CLOSE	Buy the boring business people walk past every day. Don't race the loud competitor; serve the customers they ignore.
155	CLOSE	And whenever you can, own the building, not just the business.
156	CLOSE	Somewhere on a quiet corner, there's a guy in an old sweatshirt handing a college kid five singles from the change machine.
157	CLOSE	The kid thinks he's just the maintenance guy. That's exactly how he planned it.
158	CLOSE	If this story made you think differently about what real wealth looks like, hit like and subscribe. There are more stories like this one coming.
159	CLOSE	And I'm curious: what's one boring business in your town that you walk past every day, and never once wondered who owns it?
160	CLOSE	Tell me in the comments.
